ORIGINAL,uri
Allmendinger family.,/agents/families/1
Arnold family.,/agents/families/2
Bach family.,/agents/families/3
Bingham family.,/agents/families/4
Bird family.,/agents/families/5
Birney Family,/agents/families/6
Blair family.,/agents/families/7
Blanchard family.,/agents/families/8
Blodgett family.,/agents/families/9
Borman family.,/agents/families/10
Boyd family.,/agents/families/11
Brecken family.,/agents/families/12
Brown family.,/agents/families/13
Buckbee Family,/agents/families/14
Buck family.,/agents/families/15
Buell family.,/agents/families/16
Burrows family,/agents/families/17
Campbell family.,/agents/families/18
Carlisle family.,/agents/families/19
Carr family.,/agents/families/20
Cavanagh Family,/agents/families/21
Chapin family,/agents/families/22
Chipman family,/agents/families/23
Clarke family,/agents/families/24
Clippert family.,/agents/families/25
Conant family.,/agents/families/26
Crawford family.,/agents/families/27
Dalgleish family.,/agents/families/28
Den Bleyker family.,/agents/families/29
Denison family,/agents/families/30
Douglass family.,/agents/families/31
Ferry family.,/agents/families/32
Field family.,/agents/families/33
Fletcher family.,/agents/families/34
French family,/agents/families/35
Fyfe family.,/agents/families/36
Geddes family.,/agents/families/37
Gilchrist Family,/agents/families/38
Glynn family.,/agents/families/39
Gorman family.,/agents/families/40
Graves family.,/agents/families/41
Green family.,/agents/families/42
Griswold family.,/agents/families/43
Hanna family.,/agents/families/44
Harlow family.,/agents/families/45
Haughey Family,/agents/families/46
Helmecke family.,/agents/families/47
Hill family.,/agents/families/48
Hinsdale family,/agents/families/49
Hoffius family.,/agents/families/50
Holmes family.,/agents/families/51
Hubbell family.,/agents/families/52
Huhn family.,/agents/families/53
Hull family.,/agents/families/54
Hussey family.,/agents/families/55
Hutchins family.,/agents/families/56
Irwin family.,/agents/families/57
Johnston family.,/agents/families/58
Kahn family.,/agents/families/59
Kennedy family.,/agents/families/60
Kibler family.,/agents/families/61
Littlefield family.,/agents/families/62
Ludwig family.,/agents/families/63
McCreery family,/agents/families/64
McDonald family.,/agents/families/65
McMahon family.,/agents/families/66
Merriam family.,/agents/families/67
Meyer family.,/agents/families/68
Mitchell-Strong family,/agents/families/69
Morgan Family,/agents/families/70
Mullett family.,/agents/families/71
Munger family.,/agents/families/72
Netzorg family.,/agents/families/73
Nisbett family.,/agents/families/74
Norris family.,/agents/families/75
Oâ€™Brien Family,/agents/families/76
Palmer family.,/agents/families/77
Patterson family.,/agents/families/78
Pattengill family.,/agents/families/79
Pierson family.,/agents/families/80
Pond Family,/agents/families/81
Post family.,/agents/families/82
Powrie family.,/agents/families/83
Preston family.,/agents/families/84
Raab family.,/agents/families/85
Ransom family.,/agents/families/86
Richardson family.,/agents/families/87
Rinsey family.,/agents/families/88
Rominger family.,/agents/families/89
Rowe family.,/agents/families/90
Ryder family.,/agents/families/91
Shaw family.,/agents/families/92
Shepard family.,/agents/families/93
Slayton family.,/agents/families/94
Sligh family.,/agents/families/95
Smyser family,/agents/families/96
Spalding family.,/agents/families/97
Squier family.,/agents/families/98
Stewart family,/agents/families/99
Stone Family,/agents/families/100
Safford family.,/agents/families/101
Taylor family.,/agents/families/102
Tinkham family,/agents/families/103
Todd family.,/agents/families/104
Tower Family,/agents/families/105
Tuomy family.,/agents/families/106
Twichell family.,/agents/families/107
Upjohn family,/agents/families/108
Vandenberg family.,/agents/families/109
Ward family.,/agents/families/110
Woodruff Family Papers,/agents/families/111
Ferry Family (William Montague Ferry family),/agents/families/112
Whitehead family,/agents/families/113
"Whittemore Family (Tawas City, Mich.)",/agents/families/114
Williams family.,/agents/families/115
Winegar family.,/agents/families/116
Wright family.,/agents/families/117
Sunderland family.,/agents/families/118
North family.,/agents/families/119
Cameron family.,/agents/families/120
Carman family.,/agents/families/121
Ellis family.,/agents/families/122
Merritt family.,/agents/families/123
Newton family.,/agents/families/124
Potter family.,/agents/families/125
Hankinson family.,/agents/families/127
Adams family.,/agents/families/128
Hohn family.,/agents/families/129
Robertson family.,/agents/families/130
Jickling family.,/agents/families/131
Kelly family.,/agents/families/132
White family.,/agents/families/133
Leslie family.,/agents/families/134
Waterman family.,/agents/families/135
Loughray family.,/agents/families/136
Slatford family.,/agents/families/137
Wood family.,/agents/families/138
Miller family.,/agents/families/139
Strong family.,/agents/families/140
Olson family.,/agents/families/142
Parker family.,/agents/families/143
Woodward family.,/agents/families/144
Plummer family.,/agents/families/145
Poole family.,/agents/families/146
Zimmerman family.,/agents/families/147
Scripps family.,/agents/families/149
