Type,Publish,Authority ID,Source,Rules,Name Order,ORIGINAL,Prefix,Title,Primary Part of Name,Rest of Name,Suffix,Fuller Form,Number,Dates,Qualifier
persname,TRUE,,lcnaf,,Indirect,"Abel, Henry J., 1890-1953."
persname,TRUE,http://id.loc.gov/authorities/names/n79036572,lcnaf,,Indirect,"Abrams, Alan E."
persname,TRUE,http://id.loc.gov/authorities/names/n50036889,lcnaf,,Indirect,"Ackley, Gardner."
persname,TRUE,,lcnaf,,Indirect,"Acton, Hugh."
persname,TRUE,,lcnaf,,Indirect,"Adams, Clark J., 1904-1981."
persname,TRUE,,lcnaf,,Indirect,"Adams, Donald Earl, 1912-"
persname,TRUE,,lcnaf,,Indirect,"Adams, Elizabeth S."
persname,TRUE,,lcnaf,,Indirect,"Adams, James Patrick."
persname,TRUE,,lcnaf,,Indirect,"Adams, Paul L. (Paul Lincoln), 1908-"
persname,TRUE,,lcnaf,,Indirect,"Ahern, Richard D."
persname,TRUE,http://id.loc.gov/authorities/names/nr97027687,lcnaf,,Indirect,"Aigler, Ralph W. (Ralph William), 1885-"
persname,TRUE,,lcnaf,,Indirect,"Aiton, Arthur Scott, 1894-1955."
persname,TRUE,,lcnaf,,Indirect,"Aiton, Arthur Scott, 1894-1955."
persname,TRUE,,lcnaf,,Indirect,"Alawan, Charles Khalil."
persname,TRUE,,lcnaf,,Indirect,"Alawan, Raad."
persname,TRUE,,lcnaf,,Indirect,"Albers, George, 1891-"
persname,TRUE,,lcnaf,,Indirect,"Albright, William."
persname,TRUE,,lcnaf,,Indirect,"Aldrich, Frederick A."
persname,TRUE,,lcnaf,,Indirect,"Aldrich, Robert D., 1920-1983."
persname,TRUE,,lcnaf,,Indirect,"Alexander, Robert, 1945-"
persname,TRUE,,lcnaf,,Indirect,"Alexander, Michael T."
persname,TRUE,,lcnaf,,Indirect,"Allan, Virginia R."
persname,TRUE,,lcnaf,,Indirect,"Allen, B. E. (Basil Ernest), 1919-"
persname,TRUE,,lcnaf,,Indirect,"Allen, Emmet O. (Emmet Oliver), 1846-1933."
persname,TRUE,,lcnaf,,Indirect,"Allen, Francis A."
persname,TRUE,http://id.loc.gov/authorities/names/no2012147597,lcnaf,,Indirect,"Ames, Dewey."
persname,TRUE,http://id.loc.gov/authorities/names/no96065145,lcnaf,,Indirect,"Morgan, Angela, 1874-1957."
persname,TRUE,,lcnaf,,Indirect,"Amos, Earl V."
persname,TRUE,,lcnaf,,Indirect,"Anderson, Godfrey J., d. 1981."
persname,TRUE,http://id.loc.gov/authorities/names/n91105665,lcnaf,,Indirect,"Anderson, Susan, 1870-1960."
persname,TRUE,,lcnaf,,Indirect,"Andresen, Rachel Josephine, 1907-1988."
persname,TRUE,,lcnaf,,Indirect,"Andrews, Ernest Oliver."
persname,TRUE,,lcnaf,,Indirect,"Angell, Alexis C. (Alexis Caswell), 1857-1932."
persname,TRUE,http://id.loc.gov/authorities/names/no90002065,lcnaf,,Indirect,"Angell, James Burrill, 1829-1916."
persname,TRUE,,lcnaf,,Indirect,"Angell, Robert Cooley, 1899-"
persname,TRUE,,lcnaf,,Indirect,"Angelo, Frank."
persname,TRUE,http://id.loc.gov/authorities/names/n99005909,lcnaf,,Indirect,"Angus, David L."
persname,TRUE,,lcnaf,,Indirect,"Hoyt, Anna."
persname,TRUE,,lcnaf,,Indirect,Anonymous Association of Suburban People officer.
persname,TRUE,,lcnaf,,Indirect,"Applegate, Albert A."
persname,TRUE,,lcnaf,,Indirect,"Aprill, Theophil."
persname,TRUE,,lcnaf,,Indirect,"Araneta, Salvador."
persname,TRUE,,lcnaf,,Indirect,"Arkins, Edwin L."
persname,TRUE,,lcnaf,,Indirect,"Armstrong, Louise Van Voorhis, 1885-1948."
persname,TRUE,,lcnaf,,Indirect,"Armstrong, Arthur E. (Arthur Edward), 1884-1976."
persname,TRUE,,lcnaf,,Indirect,"Artiaga, Santiago, 1878-1962."
persname,TRUE,,lcnaf,,Indirect,University of Michigan. Assistant to the President.
persname,TRUE,http://id.loc.gov/authorities/names/nr95026222,lcnaf,,Indirect,"Aswad, Barbara C."
persname,TRUE,,lcnaf,,Indirect,"Atwell, Helen M."
persname,TRUE,,lcnaf,,Indirect,"Austin, Judson L."
persname,TRUE,,lcnaf,,Indirect,"Averill, George R., 1893-1971."
persname,TRUE,,lcnaf,,Indirect,"Axelrod, Solomon Jacob, 1912-1987."
persname,TRUE,,lcnaf,,Indirect,"Baber, George W. (George Wilbur), 1898-1970."
persname,TRUE,,lcnaf,,Indirect,"Babicki, Andrew."
persname,TRUE,http://id.loc.gov/authorities/names/no98115213,lcnaf,,Indirect,"Babst, Earl D., 1870-1967."
persname,TRUE,,lcnaf,,Indirect,"Bach, Barbara."
persname,TRUE,,lcnaf,,Indirect,"Bach, Frank, 1948-"
persname,TRUE,,lcnaf,,Indirect,"Bachmann, Werner Emmanuel, 1901-"
persname,TRUE,,lcnaf,,Indirect,"Backus, Standish."
persname,TRUE,,lcnaf,,Indirect,"Bagley, John Judson, 1832-1881."
persname,TRUE,,lcnaf,,Indirect,"Bahr, Golden C., 1887-1919."
persname,TRUE,,lcnaf,,Indirect,"Bailey, Franklin H., 1845-1914."
persname,TRUE,http://id.loc.gov/authorities/names/n80005182,lcnaf,,Indirect,"Bailey, Richard W."
persname,TRUE,,lcnaf,,Indirect,"Bain, Read."
persname,TRUE,,lcnaf,,Indirect,"Baird, Charles, 1870-1944."
persname,TRUE,,lcnaf,,Indirect,"Baker, Burton L. (Burton Lowell), 1912-1978."
persname,TRUE,,lcnaf,,Indirect,"Baker, Deane."
persname,TRUE,http://id.loc.gov/authorities/names/no91001162,lcnaf,,Indirect,"Baker, Henry B. (Henry Brooks), 1837-1920."
persname,TRUE,,lcnaf,,Indirect,"Baker, Herbert F., 1862-1930."
persname,TRUE,,lcnaf,,Indirect,"Balch, Nathaniel A. (Nathaniel Aldrich), 1808-1894."
persname,TRUE,http://id.loc.gov/authorities/names/no97068662,lcnaf,,Indirect,"Bald, F. Clever (Frederick Clever), 1897-1970."
persname,TRUE,http://id.loc.gov/authorities/names/n79081889,lcnaf,,Indirect,"Baldwin, Ralph Belknap, 1912-"
persname,TRUE,,lcnaf,,Indirect,"Ball, Robert P., 1926-"
persname,TRUE,,lcnaf,,Indirect,"Bandemer, Paul A."
persname,TRUE,http://id.loc.gov/authorities/names/n2001023829,lcnaf,,Indirect,"Bandholtz, Harry Hill, 1864-1925."
persname,TRUE,,lcnaf,,Indirect,"Banér, Johan G. R. (Johan Gustav Runeskeold), 1861-1938."
persname,TRUE,,lcnaf,,Indirect,"Banér, Skulda V. (Skulda Vanadis)"
persname,TRUE,,lcnaf,,Indirect,"Barbeau, Peter."
persname,TRUE,,lcnaf,,Indirect,"Barnard, Ruth M."
persname,TRUE,,lcnaf,,Indirect,"Barnes, J. Milton, 1894-"
persname,TRUE,,lcnaf,,Indirect,"Barnes, Russell Curtis, 1897-"
persname,TRUE,,lcnaf,,Indirect,"Barnett, Douglas."
persname,TRUE,,lcnaf,,Indirect,"Barney, Jane Lockwood."
persname,TRUE,,lcnaf,,Indirect,"Barney, Roger Warren."
persname,TRUE,,lcnaf,,Indirect,"Barnett, Leroy, collector."
persname,TRUE,,lcnaf,,Indirect,"Barrabee, Peter"
persname,TRUE,http://id.loc.gov/authorities/names/no00081496,lcnaf,,Indirect,"Barrett, Albert M. (Albert Moore), 1871-1936."
persname,TRUE,http://id.loc.gov/authorities/names/n85136669,lcnaf,,Indirect,"Barritt, Loren."
persname,TRUE,,lcnaf,,Indirect,"Barritt, Loren S. and Marjorie Rabe Barritt."
persname,TRUE,,lcnaf,,Indirect,"Bartels, Levi."
persname,TRUE,http://id.loc.gov/authorities/names/n85802228,lcnaf,,Indirect,"Bartlett, Harley Harris, 1886-1960."
persname,TRUE,http://id.loc.gov/authorities/names/no2008189085,lcnaf,,Indirect,"Bartlett, Lynn M. (Lynn Mahlon), 1904-1970."
persname,TRUE,http://id.loc.gov/authorities/names/n94048331,lcnaf,,Indirect,"Barwin, Thomas W."
persname,TRUE,,lcnaf,,Indirect,"Bashert, Beth."
persname,TRUE,,lcnaf,,Indirect,"Bashert, Lisa Marshall."
persname,TRUE,http://id.loc.gov/authorities/names/n86083718,lcnaf,,Indirect,"Bassett, David R., 1928-"
persname,TRUE,,lcnaf,,Indirect,"Bassett, Leslie, 1905-"
persname,TRUE,,lcnaf,,Indirect,"Bates, Charles F. (Charles Franklin), d. 1922."
persname,TRUE,http://id.loc.gov/authorities/names/no2001090656,lcnaf,,Indirect,"Bates, Henry Moore, 1869-1949."
persname,TRUE,http://id.loc.gov/authorities/names/n50006342,lcnaf,,Indirect,"Bates, Marston, 1906-1974."
persname,TRUE,,lcnaf,,Indirect,"Bauer, Elizabeth W."
persname,TRUE,,lcnaf,,Indirect,Battle Creek Sanitarium
persname,TRUE,,lcnaf,,Indirect,"Beach, William Edward"
persname,TRUE,,lcnaf,,Indirect,"Beadle, Frank D., 1899-"
persname,TRUE,http://id.loc.gov/authorities/names/no2008186663,lcnaf,,Indirect,"Beal, Junius Emery, 1860-1942."
persname,TRUE,,lcnaf,,Indirect,"Beal, Rice Aner, 1823-1883."
persname,TRUE,,lcnaf,,Indirect,"Beardsley, Richard K."
persname,TRUE,,lcnaf,,Indirect,"Beauvais, Francis N., 1918-"
persname,TRUE,,lcnaf,,Indirect,"Beckley, Robert Mark, 1934-"
persname,TRUE,,lcnaf,,Indirect,"Beebe, Lorraine B. (Lorraine Boekeloo)"
persname,TRUE,,lcnaf,,Indirect,"Beekman, Lynwood."
persname,TRUE,http://id.loc.gov/authorities/names/n80164331,lcnaf,,Indirect,"Beeton, Alfred Merle, 1927-"
persname,TRUE,,lcnaf,,Indirect,"Begg, Victor."
persname,TRUE,,lcnaf,,Indirect,"Behee, John Richard."
persname,TRUE,,lcnaf,,Indirect,"Behner, Frederick G., 1874-1968."
persname,TRUE,,lcnaf,,Indirect,"Belcher, Louis D., 1939-"
persname,TRUE,,lcnaf,,Indirect,"Belknap, Ralph Leroy, 1899-"
persname,TRUE,,lcnaf,,Indirect,"Bell, Laird, 1883-1965."
persname,TRUE,,lcnaf,,Indirect,"Bell, Margaret, 1888-1969."
persname,TRUE,,lcnaf,,Indirect,"Belser, Karl J. (Karl Jacob), 1902-1972."
persname,TRUE,http://id.loc.gov/authorities/names/n84805201,lcnaf,,Indirect,"Beman, Wooster Woodruff, 1850-1922."
persname,TRUE,,lcnaf,,Indirect,"BenDor, Jan."
persname,TRUE,http://id.loc.gov/authorities/names/n85073654,lcnaf,,Indirect,"Benford, Harry."
persname,TRUE,http://id.loc.gov/authorities/names/no2008183537,lcnaf,,Indirect,"Bennett, John B. (John Bonifas), 1905-1964."
persname,TRUE,,lcnaf,,Indirect,"Bennett, Wells Ira, 1888-"
persname,TRUE,http://id.loc.gov/authorities/names/n88627143,lcnaf,,Indirect,"Benninghoff, W. S."
persname,TRUE,,lcnaf,,Indirect,"Bennish, Gloria."
persname,TRUE,http://id.loc.gov/authorities/names/no2008189557,lcnaf,,Indirect,"Bentley, Alvin M. (Alvin Morell), 1918-1969."
persname,TRUE,,lcnaf,,Indirect,"Benz, Fred E., d. 1963."
persname,TRUE,,lcnaf,,Indirect,"Berlin, Lawrence S."
persname,TRUE,http://id.loc.gov/authorities/names/n87807224,lcnaf,,Indirect,"Bernstein, I. A."
persname,TRUE,http://id.loc.gov/authorities/names/n90727790,lcnaf,,Indirect,"Berthelot, Helen W."
persname,TRUE,http://id.loc.gov/authorities/names/no91017295,lcnaf,,Indirect,"Bidlack, Russell E. (Russell Eugene), 1920-"
persname,TRUE,,lcnaf,,Indirect,"Bielenberg, Irma, 1891-1981."
persname,TRUE,,lcnaf,,Indirect,"Bigby, Paul."
persname,TRUE,,lcnaf,,Indirect,"Bigelow, John W., 1896-1918."
persname,TRUE,,lcnaf,,Indirect,"Billeau, Ewald H., 1890-"
persname,TRUE,,lcnaf,,Indirect,"Billings, Alan G."
persname,TRUE,http://id.loc.gov/authorities/names/no95055147,lcnaf,,Indirect,"Bingham, Kinsley S. (Kinsley Scott), 1808-1861."
persname,TRUE,,lcnaf,,Indirect,"Binkowski, Don, 1929-, collector."
persname,TRUE,http://id.loc.gov/authorities/names/no95022095,lcnaf,,Indirect,"Binkowski, Don, 1929-"
persname,TRUE,,lcnaf,,Indirect,"Birkerts, Gunnar."
persname,TRUE,,lcnaf,,Indirect,"Bishop, Edwin Whitney, 1869-"
persname,TRUE,,lcnaf,,Indirect,"Bishop, William Warner, 1906-"
persname,TRUE,,lcnaf,,Indirect,"Bishop, William Warner, 1871-1955."
persname,TRUE,http://id.loc.gov/authorities/names/n93084315,lcnaf,,Indirect,"Bishop, William Warner, 1871-1955."
persname,TRUE,,lcnaf,,Indirect,"Blair, Geraldine."
persname,TRUE,http://id.loc.gov/authorities/names/no97053258,lcnaf,,Indirect,"Blakeman, Edward W. (Edward William), 1880-1963."
persname,TRUE,http://id.loc.gov/authorities/names/n85203480,lcnaf,,Indirect,"Blanchard, James J., 1942-"
persname,TRUE,,lcnaf,,Indirect,"Blanchard, Janet."
persname,TRUE,,lcnaf,,Indirect,"Blanshard, Paul, 1892-"
persname,TRUE,,lcnaf,,Indirect,"Blume, William Wirt, 1893-"
persname,TRUE,,lcnaf,,Indirect,"Blum, Nancy, collector"
persname,TRUE,,lcnaf,,Indirect,"Bohn, Theodore R."
persname,TRUE,http://id.loc.gov/authorities/names/n81080002,lcnaf,,Indirect,"Bolcom, William."
persname,TRUE,,lcsh,,Indirect,"Bolt, Jay A. (1911- )"
persname,TRUE,,lcnaf,,Indirect,"Bonisteel, Roscoe O. (Roscoe Osmond), b. 1888."
persname,TRUE,,lcnaf,,Indirect,"Bonk, Wallace John, 1923-"
persname,TRUE,,lcnaf,,Indirect,"Bonnell, Jay H."
persname,TRUE,http://id.loc.gov/authorities/names/no92004670,lcnaf,,Indirect,"Bonner, Campbell, b. 1876."
persname,TRUE,http://id.loc.gov/authorities/names/n80098143,lcnaf,,Indirect,"Bordin, Ruth Birgitta Anderson, 1917-"
persname,TRUE,,lcnaf,,Indirect,"Boren, John."
persname,TRUE,,lcnaf,,Indirect,"Boston, Orlan W. (Orlan William), 1891-"
persname,TRUE,,lcnaf,,Indirect,"Boulding, Kenneth Ewart, 1910-"
persname,TRUE,,lcnaf,,Indirect,"Bourquin, Alice, 1909-1995."
persname,TRUE,,lcnaf,,Indirect,"Boyce, Earnest, 1892-1986."
persname,TRUE,,lcnaf,,Indirect,"Boyles, Emerson R., 1881-1960."
persname,TRUE,,lcnaf,,Indirect,"Boys, Richard Charles, 1912-"
persname,TRUE,,lcnaf,,Indirect,"Brablec, Carl, 1908-"
persname,TRUE,,lcnaf,,Indirect,"Bradley, Martin R.,1888-"
persname,TRUE,http://id.loc.gov/authorities/names/n93046031,lcnaf,,Indirect,"Brake, Eunice M. (Eunice Minetta), 1906-"
persname,TRUE,,lcnaf,,Indirect,"Brand, George E., 1888-1963."
persname,TRUE,http://id.loc.gov/authorities/names/n50043215,lcnaf,,Indirect,"Brandt, Richard B."
persname,TRUE,,lcnaf,,Indirect,"Brashares, Charles W., 1891-1982."
persname,TRUE,,lcnaf,,Indirect,"Brasie, Geraldine."
persname,TRUE,,lcnaf,,Indirect,"Brater, Elizabeth S."
persname,TRUE,,lcnaf,,Indirect,"Brazer, Harvey Elliot, 1922-"
persname,TRUE,http://id.loc.gov/authorities/names/n82041090,lcnaf,,Indirect,"Brazer, Marjorie Cahn."
persname,TRUE,,lcnaf,,Indirect,"Breakey, James Ritchison, 1900-1969."
persname,TRUE,,lcnaf,,Indirect,"Breck, Samuel L., 1928-"
persname,TRUE,,lcnaf,,Indirect,"Brewer, Clarence E., 1892-1964."
persname,TRUE,,lcnaf,,Indirect,"Breylinger, Barbe Ballard, collector."
persname,TRUE,,lcnaf,,Indirect,"Briggs, Robert P., 1903-"
persname,TRUE,,lcnaf,,Indirect,"Brigham, George Bickford, 1889-"
persname,TRUE,,lcnaf,,Indirect,"Broaddus, B. F."
persname,TRUE,http://id.loc.gov/authorities/names/nr2003027797,lcnaf,,Indirect,"Bromage, Arthur W. (Arthur Watson), 1904-1979."
persname,TRUE,http://id.loc.gov/authorities/names/n79138618,lcnaf,,Indirect,"Bromage, Mary Cogan."
persname,TRUE,,lcnaf,,Indirect,"Brook, Jacob D. (Jacob Daniel), 1876-1956."
persname,TRUE,,lcnaf,,Indirect,"Brower, W. W. (Willis W.)"
persname,TRUE,http://id.loc.gov/authorities/names/n86108821,lcnaf,,Indirect,"Brown, Donald R., 1925-"
persname,TRUE,,lcnaf,,Indirect,"Brown, Douglas S., 1914-1956."
persname,TRUE,,lcnaf,,Indirect,"Brown, Elizabeth Gaspar"
persname,TRUE,,lcnaf,,Indirect,"Brownell, Lloyd E., 1915-1976."
persname,TRUE,,lcnaf,,Indirect,"Brownell, Samuel Miller, 1900-"
persname,TRUE,,lcnaf,,Indirect,"Brown, Frank R."
persname,TRUE,,lcnaf,,Indirect,"Brown, Gordon C. (Gordon Campbell), 1912-1975."
persname,TRUE,,lcnaf,,Indirect,"Brown, Henry D., 1910-"
persname,TRUE,,lcnaf,,Indirect,"Brown, James A."
persname,TRUE,http://id.loc.gov/authorities/names/no2007125178,lcnaf,,Indirect,"Brown, Prentiss Marsh, 1889-1973."
persname,TRUE,,lcnaf,,Indirect,"Brownrigg, William, 1893-1969."
persname,TRUE,,lcnaf,,Indirect,"Brownson, William T."
persname,TRUE,,lcnaf,,Indirect,"Brown, William Ellis, 1896-1970."
persname,TRUE,,lcnaf,,Indirect,"Bruce, E. D."
persname,TRUE,,lcnaf,,Indirect,"Brucker, Clara H."
persname,TRUE,http://id.loc.gov/authorities/names/n94105471,lcnaf,,Indirect,"Brucker, Wilber Marion, 1894-1968."
persname,TRUE,,lcnaf,,Indirect,"Brucker, Robert Hawn, 1888-1967."
persname,TRUE,,lcnaf,,Indirect,"Bruff, John B. (John Bowman), 1929-"
persname,TRUE,http://id.loc.gov/authorities/names/no2009030897,lcnaf,,Indirect,"Buchele, Luther H., 1920-"
persname,TRUE,,lcnaf,,Indirect,"Buchanan, Ruth B., 1882-1953."
persname,TRUE,,lcnaf,,Indirect,"Buck, Carl Edward, 1891-1953."
persname,TRUE,,lcnaf,,Indirect,"Buckler, Aldred S., d. 1963."
persname,TRUE,,lcnaf,,Indirect,"Buell, Barber G., 1823-1900."
persname,TRUE,,lcnaf,,Indirect,"Bulkley, Jonathan W."
persname,TRUE,,lcnaf,,Indirect,"Bullard, Perry."
persname,TRUE,,lcnaf,,Indirect,"Bumgardner, Eleanor M. (Eleanor Margaret)"
persname,TRUE,,lcnaf,,Indirect,"Bunzel, Joseph Hans, 1907-"
persname,TRUE,,lcnaf,,Indirect,"Burks, Arthur W. (Arthur Walter), 1915-"
persname,TRUE,,lcnaf,,Indirect,"Burlingame, Garnet J."
persname,TRUE,http://id.loc.gov/authorities/names/n95075830,lcnaf,,Indirect,"Burnett, Patricia Hill, 1920-"
persname,TRUE,,lcnaf,,Indirect,"Burnham, Donald Clemens, 1915-"
persname,TRUE,,lcnaf,,Indirect,"Burns, Carolyn Sinelli, 1915-"
persname,TRUE,,lcnaf,,Indirect,"Burns, Eunice."
persname,TRUE,,lcnaf,,Indirect,"Burns, Leo A., 1894-1982."
persname,TRUE,,lcnaf,,Indirect,"Burroughs, Robert Eli, 1904-1978."
persname,TRUE,,lcnaf,,Indirect,"Bursley, Gilbert E."
persname,TRUE,,lcnaf,,Indirect,"Burt, Flora, collector."
persname,TRUE,http://id.loc.gov/authorities/names/n88650119,lcnaf,,Indirect,"Burton, Marion Le Roy, 1874-1925."
persname,TRUE,,lcnaf,,Indirect,"Bush, Benjamin F."
persname,TRUE,http://id.loc.gov/authorities/names/no2009002372,lcnaf,,Indirect,"Bushnell, George E. (George Edward), 1887-1965."
persname,TRUE,,lcnaf,,Indirect,"Buss, Oscar F."
persname,TRUE,http://id.loc.gov/authorities/names/n50032577,lcnaf,,Indirect,"Butler, Hal."
persname,TRUE,,lcnaf,,Indirect,"Butler, Irene Linda Lather, 1901-1991."
persname,TRUE,http://id.loc.gov/authorities/names/n87907120,lcnaf,,Indirect,"Butterfield, Ira William, 1915-"
persname,TRUE,,lcnaf,,Indirect,"Butterfield, George Ernest, 1883-"
persname,TRUE,http://id.loc.gov/authorities/names/n84051573,lcnaf,,Indirect,"Butts, Thomas A."
persname,TRUE,http://id.loc.gov/authorities/names/no2005015646,lcnaf,,Indirect,"Byington, S. John, 1937-"
persname,TRUE,,lcnaf,,Indirect,"Byrd, David R."
persname,TRUE,,lcnaf,,Indirect,"Byrd, Letitia J."
persname,TRUE,http://id.loc.gov/authorities/names/n83051545,lcnaf,,Indirect,"Cacioppo, George."
persname,TRUE,,lcnaf,,Indirect,"Cain, Elmer I."
persname,TRUE,,lcnaf,,Indirect,"Callahan, Patrick Henry, 1866-1940."
persname,TRUE,,lcnaf,,Indirect,"Callow, Laura Callow, 1927-"
persname,TRUE,,lcnaf,,Indirect,"Campbell, Angus, 1910-"
persname,TRUE,,lcnaf,,Indirect,"Cameron, George Glenn, 1905-"
persname,TRUE,http://id.loc.gov/authorities/names/n85363355,lcnaf,,Indirect,"Campbell, James V. (James Valentine), 1823-1890."
persname,TRUE,,lcnaf,,Indirect,"Campbell, Ernest T."
persname,TRUE,,lcnaf,,Indirect,Campbell family
persname,TRUE,,lcnaf,,Indirect,"Canham, Don."
persname,TRUE,http://id.loc.gov/authorities/names/n79119024,lcnaf,,Indirect,"Cannell, Charles F."
persname,TRUE,,lcnaf,,Indirect,"Cannon, George Henry, b. 1826."
persname,TRUE,,lcnaf,,Indirect,"Cappaert, LeRoy."
persname,TRUE,,lcnaf,,Indirect,"Cappaert, Andrea Lael, 1952-1980."
persname,TRUE,,lcnaf,,Indirect,"Cardona, Ana Luisa."
persname,TRUE,,lcnaf,,Indirect,"Cares, Charles W."
persname,TRUE,,lcnaf,,Indirect,"Carman, George N., 1856-1941."
persname,TRUE,,lcnaf,,Indirect,"Carpenter, Charles William, 1886-1971."
persname,TRUE,,lcnaf,,Indirect,"Carpenter, H. Beach (Hiram Beach), 1892-1955."
persname,TRUE,,lcnaf,,Indirect,"Carr, Marian"
persname,TRUE,http://id.loc.gov/authorities/names/nb99032402,lcnaf,,Indirect,"Cartwright, Dorwin."
persname,TRUE,http://id.loc.gov/authorities/names/no2008188968,lcnaf,,Indirect,"Carton, John J. (John Jay), 1856-1934."
persname,TRUE,,lcnaf,,Indirect,"Cary, William M."
persname,TRUE,,lcnaf,,Indirect,"Case, E. C. (Ermine Cowles), b. 1871."
persname,TRUE,http://id.loc.gov/authorities/names/no2005085083,lcnaf,,Indirect,"Cassidy, Jay."
persname,TRUE,,lcnaf,,Indirect,"Cass, Lewis, 1782-1866."
persname,TRUE,http://id.loc.gov/authorities/names/n50034113,lcnaf,,Indirect,"Cass, Lewis, 1782-1866."
persname,TRUE,http://id.loc.gov/authorities/names/n87150218,lcnaf,,Indirect,"Catford, J. C. (John Cunnison), 1917-"
persname,TRUE,http://id.loc.gov/authorities/names/no2003056349,lcnaf,,Indirect,"Williams, Charles David, 1860-1923."
persname,TRUE,http://id.loc.gov/authorities/names/n85323082,lcnaf,,Indirect,"Chandler, Elizabeth Margaret, 1807-1834."
persname,TRUE,,lcnaf,,Indirect,"Chapin, Lucy E., 1835-1910."
persname,TRUE,http://id.loc.gov/authorities/names/n86114210,lcnaf,,Indirect,"Chapin, Roy D. (Roy Dikeman), 1880-1936."
persname,TRUE,,lcnaf,,Indirect,"Chapin, Roy Dikeman, 1915-"
persname,TRUE,,lcnaf,,Indirect,"Chaplin, Scott, collector."
persname,TRUE,,lcnaf,,Indirect,"Charles, Gordon."
persname,TRUE,,lcnaf,,Indirect,"Charnetski, Clark J."
persname,TRUE,http://id.loc.gov/authorities/names/no2003047103,lcnaf,,Indirect,"Chase, Lew Allen, 1879-1957."
persname,TRUE,,lcnaf,,Indirect,"Chavis, John, 1923-"
persname,TRUE,,lcnaf,,Indirect,"Cheesman, Jack D."
persname,TRUE,,lcnaf,,Indirect,"Cherrin, Daniel."
persname,TRUE,http://id.loc.gov/authorities/names/n80010296,lcnaf,,Indirect,"Chirri, Mohamad Jawad."
persname,TRUE,,lcnaf,,Indirect,"Hoffman, Clare Eugene, 1875-1967."
persname,TRUE,,lcnaf,,Indirect,"Christiancy, Isaac Peckham, 1812-1890."
persname,TRUE,,lcnaf,,Indirect,"Christian, Palmer."
persname,TRUE,,lcnaf,,Indirect,"Christgau, Oscar Gottlieb."
persname,TRUE,,lcnaf,,Indirect,"Christensen, John Cornelius, 1874-1952."
persname,TRUE,,lcnaf,,Indirect,"Chriswell, Keith."
persname,TRUE,http://id.loc.gov/authorities/names/n88159836,lcnaf,,Indirect,"Christiancy, Isaac Peckham, 1812-1890."
persname,TRUE,,lcnaf,,Indirect,"Chudwin, David"
persname,TRUE,,lcnaf,,Indirect,"Church, Michael P., 1907-"
persname,TRUE,http://id.loc.gov/authorities/names/n85232315,lcnaf,,Indirect,"Cimprich, Bernadine."
persname,TRUE,,lcnaf,,Indirect,"Cisler, Walker Lee, 1897-"
persname,TRUE,,lcnaf,,Indirect,"Cissel, James H., 1889-1949."
persname,TRUE,,lcnaf,,Indirect,"Clark, Rodger Sherman."
persname,TRUE,,lcnaf,,Indirect,"Clauss, Julius A., 1886-1973."
persname,TRUE,,lcnaf,,Indirect,"Claybourn, John Geronold, 1886-"
persname,TRUE,,lcnaf,,Indirect,"Clay, Margaret L."
persname,TRUE,,lcnaf,,Indirect,"Claytor, Helen Jackson."
persname,TRUE,http://id.loc.gov/authorities/names/n80045123,lcnaf,,Indirect,"Cleage, Albert B."
persname,TRUE,http://id.loc.gov/authorities/names/n80045123,lcnaf,,Indirect,"Cleage, Albert B."
persname,TRUE,http://id.loc.gov/authorities/names/no2008190172,lcnaf,,Indirect,"Cleary, Owen J., 1900-1960."
persname,TRUE,,lcnaf,,Indirect,"Clement, Hugh B."
persname,TRUE,http://id.loc.gov/authorities/names/nr94018515,lcnaf,,Indirect,"Clements, William L. (William Lawrence), 1861-1934."
persname,TRUE,,lcnaf,,Indirect,"Clevenger, Raymond Francis, 1926-"
persname,TRUE,,lcnaf,,Indirect,"Clock, John Percey."
persname,TRUE,,lcnaf,,Indirect,"Clover, Elzada Urseba, 1897-1980."
persname,TRUE,,lcnaf,,Indirect,"Cogswell, Everett C."
persname,TRUE,,lcnaf,,Indirect,"Cohen, Carl, 1931-"
persname,TRUE,http://id.loc.gov/authorities/names/n50027574,lcnaf,,Indirect,"Cohen, Wilbur J. (Wilbur Joseph), 1913-1987."
persname,TRUE,,lcnaf,,Indirect,"Colburn, Cleo M., 1895-"
persname,TRUE,,lcnaf,,Indirect,"Colby, Walter F. (Walter Francis), b. 1880."
persname,TRUE,http://id.loc.gov/authorities/names/n90623995,lcnaf,,Indirect,"Cole, David E."
persname,TRUE,,lcnaf,,Indirect,"Coleman, Creighton R., 1912-"
persname,TRUE,,lcnaf,,Indirect,"Coleman, Mary S., 1914-"
persname,TRUE,,lcnaf,,Indirect,"Cole, Robert E."
persname,TRUE,http://id.loc.gov/authorities/names/n92804953,lcnaf,,Indirect,"Cole, Sandra S., 1937-"
persname,TRUE,http://id.loc.gov/authorities/names/n87947642,lcnaf,,Indirect,"Coller, Frederick A."
persname,TRUE,,lcnaf,,Indirect,"Collins, John J. (John Joseph), 1935-"
persname,TRUE,http://id.loc.gov/authorities/names/no2008182100,lcnaf,,Indirect,"Comstock, William Alfred, 1877-1949."
persname,TRUE,,lcnaf,,Indirect,"Conlin, Rollo G., 1903-1974."
persname,TRUE,,lcnaf,,Indirect,"Connable, Alfred B. (Alfred Barnes), 1904-"
persname,TRUE,,lcnaf,,Indirect,"Conn, Jerome W., 1907-1994."
persname,TRUE,http://id.loc.gov/authorities/names/n88616196,lcnaf,,Indirect,"Constantinides, Kathy, 1936-"
persname,TRUE,,lcnaf,,Indirect,"Converse, Philip E., 1928-"
persname,TRUE,,lcnaf,,Indirect,"Cook, Marshall L., 1858-1955."
persname,TRUE,http://id.loc.gov/authorities/names/n80056984,lcnaf,,Indirect,"Cooley, Charles Horton, 1864-1929."
persname,TRUE,,lcnaf,,Indirect,"Cooley, Ernest Linwood, 1856-1928."
persname,TRUE,,lcnaf,,Indirect,"Cooley, Lyman Edgar, 1850-1917."
persname,TRUE,http://id.loc.gov/authorities/names/n84804477,lcnaf,,Indirect,"Cooley, Mortimer E. (Mortimer Elwyn), 1855-1944."
persname,TRUE,,lcnaf,,Indirect,"Cooley, Mary Elizabeth."
persname,TRUE,,lcnaf,,Indirect,"Coombs, Clyde Hamilton, 1912-"
persname,TRUE,,lcnaf,,Indirect,Minor J. Coon.
persname,TRUE,,lcnaf,,Indirect,"Coons, Dorothy H., 1914-"
persname,TRUE,,lcnaf,,Indirect,"Cope, Helen Gibson, collector"
persname,TRUE,http://id.loc.gov/authorities/names/no97067269,lcnaf,,Indirect,"Copeland, Royal S. (Royal Samuel), 1868-1938."
persname,TRUE,,lcnaf,,Indirect,"Copp, Charlotte."
persname,TRUE,,lcnaf,,Indirect,"Cornelius, Louis A., 1870-1951."
persname,TRUE,,lcnaf,,Indirect,"Corsa, Leslie, 1920-"
persname,TRUE,http://id.loc.gov/authorities/names/n82034573,lcnaf,,Indirect,"Corson, William D."
persname,TRUE,http://id.loc.gov/authorities/names/n50018203,lcnaf,,Indirect,"Coughlin, Charles E. (Charles Coughlin), 1891-1979."
persname,TRUE,,lcnaf,,Indirect,"Covey, Craig."
persname,TRUE,,lcnaf,,Indirect,"Cowden, Roy William."
persname,TRUE,,lcnaf,,Indirect,"Cowles, Henry Chandler"
persname,TRUE,,lcnaf,,Indirect,"Crafts, Edward C. (Edward Clayton), 1910-"
persname,TRUE,,lcnaf,,Indirect,"Craine, Lyle E., 1909-1993."
persname,TRUE,,lcnaf,,Indirect,"Cramton, Louis C. (Louis Convers), b. 1875."
persname,TRUE,,lcnaf,,Indirect,"Crane, Caroline Bartlett, 1858-1935."
persname,TRUE,,lcnaf,,Indirect,"Crane, Florence R., 1911-"
persname,TRUE,http://id.loc.gov/authorities/names/n2011034836,lcnaf,,Indirect,"Crane, Henry Hitt, 1890-1977."
persname,TRUE,,lcnaf,,Indirect,"Crane, H. R. (Horace Richard), 1907-"
persname,TRUE,,lcnaf,,Indirect,"Crane, Salmon, 1812-1888."
persname,TRUE,,lcnaf,,Indirect,"Crane, Verner Winslow, 1889-"
persname,TRUE,http://id.loc.gov/authorities/names/n88159838,lcnaf,,Indirect,"Crapo, Henry Howland, 1804-1869."
persname,TRUE,,lcnaf,,Indirect,"Crary, Douglas D., 1910-"
persname,TRUE,http://id.loc.gov/authorities/names/no2008173875,lcnaf,,Indirect,"Crawford, Fred L., 1888-1957."
persname,TRUE,,lcnaf,,Indirect,"Crawford, Richard (1935- )"
persname,TRUE,,lcnaf,,Indirect,"Creal, Cecil O., 1899-"
persname,TRUE,,lcnaf,,Indirect,"Creswell, Cordelia, 1868?-1950."
persname,TRUE,,lcnaf,,Indirect,"Crisler, H. O. (Herbert Orin), 1899-1982."
persname,TRUE,,lcnaf,,Indirect,"Crissman, John Sherman, 1896-"
persname,TRUE,,lcnaf,,Indirect,"Crittenden, Albert Robinson, 1867-1933."
persname,TRUE,,lcnaf,,Indirect,"Cromwell, Percy W."
persname,TRUE,,lcnaf,,Indirect,"Cropsey, Jasper Francis, 1823-1900."
persname,TRUE,http://id.loc.gov/authorities/names/n81080586,lcnaf,,Indirect,"Crosby, Elizabeth Caroline, 1888-"
persname,TRUE,http://id.loc.gov/authorities/names/no2003069419,lcnaf,,Indirect,"Cross, Arthur Lyon, 1873-1940."
persname,TRUE,,lcnaf,,Indirect,"Cross, Bradley R."
persname,TRUE,,lcnaf,,Indirect,"Crouse, John Robert, 1874-1946."
persname,TRUE,,lcnaf,,Indirect,"Crouse, Robert, 1813-1869."
persname,TRUE,,lcnaf,,Indirect,"Crump, Jean C."
persname,TRUE,http://id.loc.gov/authorities/names/n50018708,lcnaf,,Indirect,"Cruzat, Gwendolyn S."
persname,TRUE,http://id.loc.gov/authorities/names/no99072154,lcnaf,,Indirect,"Smith, Charles Spencer, 1852-1923."
persname,TRUE,,lcnaf,,Indirect,"Cuddihy, Joan F."
persname,TRUE,,lcnaf,,Indirect,"Cudlip, William B., 1904-"
persname,TRUE,,lcnaf,,Indirect,"Culver, Mary M."
persname,TRUE,http://id.loc.gov/authorities/names/n84023212,lcnaf,,Indirect,"Cumbey, Constance E."
persname,TRUE,,lcnaf,,Indirect,"Curch, H. Edmund, 1873-1962."
persname,TRUE,,lcnaf,,Indirect,"Currie, Gilbert, 1882-1960."
persname,TRUE,http://id.loc.gov/authorities/names/no2002038316,lcnaf,,Indirect,"Curtis, Austin W., 1911-"
persname,TRUE,http://id.loc.gov/authorities/names/no2004050360,lcnaf,,Indirect,"Curtis, Heber Doust, 1872-1942."
persname,TRUE,http://id.loc.gov/authorities/names/n50020530,lcnaf,,Indirect,"Curwood, James Oliver, 1878-1927."
persname,TRUE,http://id.loc.gov/authorities/names/no2010026385,lcnaf,,Indirect,"Cushing, George William, 1888-1968."
persname,TRUE,,lcnaf,,Indirect,"Cushman, Katherine Moore."
persname,TRUE,http://id.loc.gov/authorities/names/n87112188,lcnaf,,Indirect,"Cutler, M. Rupert."
persname,TRUE,,lcnaf,,Indirect,Dalgleish family.
persname,TRUE,http://id.loc.gov/authorities/names/n79056016,lcnaf,,Indirect,"Dana, Samuel Trask, 1883-1978"
persname,TRUE,http://id.loc.gov/authorities/names/n92054289,lcnaf,,Indirect,"Dancy, John C. (John Campbell), 1888-1968."
persname,TRUE,,lcnaf,,Indirect,"Daugherty, Michael, 1954-"
persname,TRUE,,lcnaf,,Indirect,"Davenport, Fred M. (Fred Marshall), 1914-1982."
persname,TRUE,,lcnaf,,Indirect,"Davenny, Wilson Imbrie, 1859-1917."
persname,TRUE,,lcnaf,,Indirect,"Davis, Calvin Olin, 1871-"
persname,TRUE,http://id.loc.gov/authorities/names/n96800244,lcnaf,,Indirect,"Davis, Carolyne K."
persname,TRUE,http://id.loc.gov/authorities/names/n98110499,lcnaf,,Indirect,"Davis, David E., 1930-2011."
persname,TRUE,,lcnaf,,Indirect,"Davis, James Edward, 1940-"
persname,TRUE,,lcnaf,,Indirect,"Davis, Joe Lee, 1906-1974."
persname,TRUE,http://id.loc.gov/authorities/names/n82221228,lcnaf,,Indirect,"Davis, Kenneth P. (Kenneth Pickett), 1906-"
persname,TRUE,,lcnaf,,Indirect,"Davis, Lorenzo, 1812-"
persname,TRUE,,lcnaf,,Indirect,"Davis, R. C. (Raymond Cazallis), b. 1836."
persname,TRUE,,lcnaf,,Indirect,"Dawson, Robert."
persname,TRUE,http://id.loc.gov/authorities/names/n94029105,lcnaf,,Indirect,"DeBoer, Robby, 1957-"
persname,TRUE,,lcnaf,,Indirect,"Dedijer, Vladimir, 1914-1990."
persname,TRUE,,lcnaf,,Indirect,"DeGrow, Dan L."
persname,TRUE,http://id.loc.gov/authorities/names/n79054923,lcnaf,,Indirect,"DeHaan, M. R. (Martin Ralph), 1891-1965."
persname,TRUE,http://id.loc.gov/authorities/names/n81129692,lcnaf,,Indirect,"DeJong, Russell N."
persname,TRUE,,lcnaf,,Indirect,"DeKleine, William, 1877-1957."
persname,TRUE,http://id.loc.gov/authorities/names/n84173852,lcnaf,,Indirect,"Delanghe, Gay."
persname,TRUE,,lcnaf,,Indirect,"DeLano, Fred H., 1916-"
persname,TRUE,,lcnaf,,Indirect,"De La Vergne, Earl W., collector."
persname,TRUE,,lcnaf,,Indirect,"DeLeon, Linda."
persname,TRUE,,lcnaf,,Indirect,"De Leon, Ted."
persname,TRUE,http://id.loc.gov/authorities/names/no2008189013,lcnaf,,Indirect,"Demmon, Isaac Newton, 1842-1920."
persname,TRUE,,lcnaf,,Indirect,"DeMeunier, Leon."
persname,TRUE,http://id.loc.gov/authorities/names/n97046996,lcnaf,,Indirect,"Denby, Edwin, 1870-1929."
persname,TRUE,,lcnaf,,Indirect,"Dennison, David M."
persname,TRUE,http://id.loc.gov/authorities/names/no2009002019,lcnaf,,Indirect,"Dethmers, John R., 1903-1971."
persname,TRUE,http://id.loc.gov/authorities/names/no2009002019,lcnaf,,Indirect,"Dethmers, John R., 1903-1971."
persname,TRUE,,lcnaf,,Indirect,"Detzer, Karl, 1891-"
persname,TRUE,,lcnaf,,Indirect,"DeVarti, David."
persname,TRUE,http://id.loc.gov/authorities/names/n50036797,lcnaf,,Indirect,"De Vries, Walter."
persname,TRUE,,lcnaf,,Indirect,"DeWeese, Carroll."
persname,TRUE,,lcnaf,,Indirect,"DeWitt, Fred."
persname,TRUE,http://id.loc.gov/authorities/names/no2015027529,lcnaf,,Indirect,"Dice, Lee Raymond, 1887-1977."
persname,TRUE,,lcnaf,,Indirect,"Dickinson, Z. Clark (Zenas Clark), 1889-"
persname,TRUE,http://id.loc.gov/authorities/names/n92802898,lcnaf,,Indirect,"Dingell, John David, 1894-1955."
persname,TRUE,,lcnaf,,Indirect,"Dodge, Earl Farwell, 1932-"
persname,TRUE,http://id.loc.gov/authorities/names/n92087359,lcnaf,,Indirect,"Doll, Louis Wm. (Louis William), 1911-"
persname,TRUE,,lcnaf,,Indirect,"Donabedian, Avedis, 1919-2000"
persname,TRUE,http://id.loc.gov/authorities/names/n91055338,lcnaf,,Indirect,"Donahue, Thomas M."
persname,TRUE,http://id.loc.gov/authorities/names/n85389261,lcnaf,,Indirect,"Donahue, Wilma T. (Wilma Thompson), 1900-"
persname,TRUE,,lcnaf,,Indirect,"Doner, Mary Frances."
persname,TRUE,,lcnaf,,Indirect,"Donnelly, Elaine Chenevert."
persname,TRUE,http://id.loc.gov/authorities/names/n86111146,lcnaf,,Indirect,"Donner, Frederic G. (Frederic Garrett), 1902-1987."
persname,TRUE,,lcnaf,,Indirect,"Dora, Henry, 1893-1977."
persname,TRUE,,lcnaf,,Indirect,"Dorr, Harold M. (Harold McVicar), b. 1897."
persname,TRUE,http://id.loc.gov/authorities/names/n85335454,lcnaf,,Indirect,"Douglas, Lloyd C. (Lloyd Cassel), 1877-1951."
persname,TRUE,,lcnaf,,Indirect,"Douma, Frank W., 1893-1976."
persname,TRUE,,lcnaf,,Indirect,"Doumanian, Tatos."
persname,TRUE,http://id.loc.gov/authorities/names/no2002097291,lcnaf,,Indirect,"Dow, Earle Wilbur, 1868-1946."
persname,TRUE,http://id.loc.gov/authorities/names/n91056684,lcnaf,,Indirect,"Downs, Tom, 1916-"
persname,TRUE,,lcnaf,,Indirect,"Dow, William G. (William Gould), 1895-"
persname,TRUE,,lcnaf,,Indirect,"Drake, G. Claude."
persname,TRUE,,lcnaf,,Indirect,"Dreier, Edward."
persname,TRUE,http://id.loc.gov/authorities/names/n94082859,lcnaf,,Indirect,"Drew, Walter, 1873-1961."
persname,TRUE,,lcnaf,,Indirect,"Dreyfuss, Allan L., 1919-2011."
persname,TRUE,http://id.loc.gov/authorities/names/n81055160,lcnaf,,Indirect,"Duderstadt, James J., 1942-"
persname,TRUE,,lcnaf,,Indirect,"Dudley, Adolphus Mansfield, 1877-"
persname,TRUE,,lcnaf,,Indirect,Duff Ivan F. (1915-1994)
persname,TRUE,http://id.loc.gov/authorities/names/n82026404,lcnaf,,Indirect,"Duffy, Yvonne."
persname,TRUE,,lcnaf,,Indirect,"Duink, Harry."
persname,TRUE,http://id.loc.gov/authorities/names/n89629161,lcnaf,,Indirect,"Duke, Kevin."
persname,TRUE,,lcnaf,,Indirect,"Dumond, Dwight Lowell, 1895-"
persname,TRUE,http://id.loc.gov/authorities/names/nr90001267,lcnaf,,Indirect,"Duncan, Todd."
persname,TRUE,,lcnaf,,Indirect,"Dundon, Walter F., 1890-"
persname,TRUE,,lcnaf,,Indirect,"Dunham, Arthur."
persname,TRUE,,lcnaf,,Indirect,"Dunham, Fred Sylvester."
persname,TRUE,http://id.loc.gov/authorities/names/n77014671,lcnaf,,Indirect,"Dunne, Jim, 1931-"
persname,TRUE,,lcnaf,,Indirect,"Dunn, Francis Wayland, 1843-1874."
persname,TRUE,,lcnaf,,Indirect,"Dunn, Gerald R."
persname,TRUE,,lcnaf,,Indirect,"Dunn, Ransom, 1818-1900."
persname,TRUE,http://id.loc.gov/authorities/names/n85244332,lcnaf,,Indirect,"Dustin, Fred, 1866-"
persname,TRUE,,lcnaf,,Indirect,"Duty, Charles L."
persname,TRUE,,lcnaf,,Indirect,"Early, John C. (John Chrysostom), 1878-1932."
persname,TRUE,,lcnaf,,Indirect,"Easlick, Kenneth A. (Kenneth Alexander), 1893-1979."
persname,TRUE,,lcnaf,,Indirect,"East, Ben."
persname,TRUE,,lcnaf,,Indirect,"Eaton, Leonard K., 1922-"
persname,TRUE,,lcnaf,,Indirect,"Eckstein, Alexander, 1915-"
persname,TRUE,,lcnaf,,Indirect,"Eckstein, Ruth."
persname,TRUE,,lcnaf,,Indirect,"Edmonson, James Bartlett, 1882-1954."
persname,TRUE,,lcnaf,,Indirect,"Edwards, Ann, d. 1962."
persname,TRUE,,lcnaf,,Indirect,"Edwards, Billie Louise, 1947-1995."
persname,TRUE,,lcnaf,,Indirect,"Edwards, Harry T."
persname,TRUE,,lcnaf,,Indirect,"Edwards, J. Edgar (Joseph Edgar), 1909-1973."
persname,TRUE,,lcnaf,,Indirect,"Ehrmann, Howard Meredith, 1898-"
persname,TRUE,,lcnaf,,Indirect,"Sunderland, Eliza Read, 1839-1910."
persname,TRUE,http://id.loc.gov/authorities/names/n80112971,lcnaf,,Indirect,"Eldersveld, Samuel James."
persname,TRUE,,lcnaf,,Indirect,"Eley, Lynn W."
persname,TRUE,,lcnaf,,Indirect,"Elliott, Margaret, 1891-1978."
persname,TRUE,,lcnaf,,Indirect,"Ellis, J. Edwin."
persname,TRUE,http://id.loc.gov/authorities/names/nr2002021789,lcnaf,,Indirect,"Ellis, Ruth, 1899-2000."
persname,TRUE,,lcnaf,,Indirect,"Ellsworth, Mary."
persname,TRUE,,lcnaf,,Indirect,"Elms, Patrice I., 1943-"
persname,TRUE,http://id.loc.gov/authorities/names/n79033067,lcnaf,,Indirect,"Elving, Philip Juliber, 1913-"
persname,TRUE,,lcnaf,,Indirect,"Elwood, Isaac Newton, 1843-1887."
persname,TRUE,http://id.loc.gov/authorities/names/n85347137,lcnaf,,Indirect,"Emrich, Richard S. M. (Richard Stanley Merrill), 1910-"
persname,TRUE,http://id.loc.gov/authorities/names/no2008189967,lcnaf,,Indirect,"Engel, Albert Joseph, 1888-1959."
persname,TRUE,http://id.loc.gov/authorities/names/no2008189976,lcnaf,,Indirect,"Engel, Albert Joseph, 1924-"
persname,TRUE,http://id.loc.gov/authorities/names/n91103937,lcnaf,,Indirect,"Engler, John, 1948-"
persname,TRUE,,lcnaf,,Indirect,"English, Albert D., 1862-"
persname,TRUE,,lcnaf,,Indirect,"Engstrom, Arnell, 1897-1970."
persname,TRUE,http://id.loc.gov/authorities/names/n50010002,lcnaf,,Indirect,"Epstein, Abraham, 1892-1942."
persname,TRUE,,lcnaf,,Indirect,"Espie, John P., 1881-1949."
persname,TRUE,,lcnaf,,Indirect,"Evans, David S."
persname,TRUE,,lcnaf,,Indirect,"Eynon, Bret."
persname,TRUE,,lcnaf,,Indirect,"Faeth, G. M. (Gerard M.)"
persname,TRUE,,lcnaf,,Indirect,"Fairfield, Edmund B. (Edmund Burke), 1821-1904."
persname,TRUE,,lcnaf,,Indirect,"Fajans, Kasimir, 1887-"
persname,TRUE,http://id.loc.gov/authorities/names/no2005104141,lcnaf,,Indirect,"Fajans, Stefan S."
persname,TRUE,http://id.loc.gov/authorities/names/n84167801,lcnaf,,Indirect,"Falls, Philomena."
persname,TRUE,,lcnaf,,Indirect,"Farrell, Lawrence Llewellyn, 1903-1971."
persname,TRUE,,lcnaf,,Indirect,"Farrell, Thomas M."
persname,TRUE,,lcnaf,,Indirect,"Faupel, Marian L."
persname,TRUE,,lcnaf,,Indirect,"Favorite, William P. (William Perrin), 1898-1992."
persname,TRUE,,lcnaf,,Indirect,"Fay, Minnie C. M., collector."
persname,TRUE,,lcnaf,,Indirect,"Fayz, Allie."
persname,TRUE,http://id.loc.gov/authorities/names/no2009002289,lcnaf,,Indirect,"Fead, Louis H., 1877-1943."
persname,TRUE,,lcnaf,,Indirect,"Feddersen, Christian T."
persname,TRUE,,lcnaf,,Indirect,"Federbush, Marcia."
persname,TRUE,,lcnaf,,Indirect,"Feingold, Eugene N."
persname,TRUE,http://id.loc.gov/authorities/names/n85158203,lcnaf,,Indirect,"Felch, Alpheus, 1804-1896."
persname,TRUE,,lcnaf,,Indirect,"Ferguson, John W."
persname,TRUE,,lcnaf,,Indirect,"Ferguson, Homer, 1888-1982."
persname,TRUE,,lcnaf,,Indirect,"Festinger, Leon, 1919-"
persname,TRUE,,lcnaf,,Indirect,"Feuerwerker, Albert."
persname,TRUE,,lcnaf,,Indirect,"Fey, Charles."
persname,TRUE,,lcnaf,,Indirect,"Fine, Sidney, 1920- collector."
persname,TRUE,,lcnaf,,Indirect,"Finerman, Aaron."
persname,TRUE,http://id.loc.gov/authorities/names/n50005149,lcnaf,,Indirect,"Fine, Sidney, 1920-"
persname,TRUE,,lcnaf,,Indirect,"Finney, Edward A."
persname,TRUE,,lcnaf,,Indirect,"Fischer, Carl Hahn, 1903-"
persname,TRUE,,lcnaf,,Indirect,"Fisher, Marvin, 1905-1976."
persname,TRUE,,lcnaf,,Indirect,"Fitt, Frank, 1889-1982."
persname,TRUE,http://id.loc.gov/authorities/names/no2008183317,lcnaf,,Indirect,"Fitzgerald, Frank Dwight, 1885-1939."
persname,TRUE,,lcnaf,,Indirect,"Fitzgerald, John Warner, 1924-"
persname,TRUE,,lcnaf,,Indirect,"Flack, Robert Bruce."
persname,TRUE,,lcnaf,,Indirect,"Flaherty, Edward."
persname,TRUE,,lcnaf,,Indirect,"Flechsig, Jack."
persname,TRUE,,lcnaf,,Indirect,"Fleming, Leroy Vincent, 1895-1975."
persname,TRUE,,lcnaf,,Indirect,"Fleming, R.W. (Robben Wright), 1916-"
persname,TRUE,,lcnaf,,Indirect,"Fleming, Sally."
persname,TRUE,,lcnaf,,Indirect,"Fletcher, Frank Ward, 1853-1922."
persname,TRUE,,lcnaf,,Indirect,"Flood, Merrill Meeks, 1908-"
persname,TRUE,,lcnaf,,Indirect,"Florer, Warren Washburn, 1869-"
persname,TRUE,,lcnaf,,Indirect,"Florer, Warren Washburn, 1869-"
persname,TRUE,,lcnaf,,Indirect,"Florescu, Stefan."
persname,TRUE,,lcnaf,,Indirect,"Floyd, John C., 1927-"
persname,TRUE,,lcnaf,,Indirect,"Foisie, Philip M."
persname,TRUE,,lcnaf,,Indirect,"Follo, Charles L."
persname,TRUE,http://id.loc.gov/authorities/names/n86840036,lcnaf,,Indirect,"Ford, Corydon L. (Corydon La), 1813-1894."
persname,TRUE,,lcnaf,,Indirect,Richard I. Ford
persname,TRUE,,lcnaf,,Indirect,"Ford, William D. (William David), 1927-"
persname,TRUE,http://id.loc.gov/authorities/names/nr90007454,lcnaf,,Indirect,"Forster, John Harris, 1822-1894."
persname,TRUE,,lcnaf,,Indirect,"Forsyth, Richard Alexander."
persname,TRUE,,lcnaf,,Indirect,"Foster, Mark, collector."
persname,TRUE,,lcnaf,,Indirect,"Foster, Madison, 1940-"
persname,TRUE,,lcnaf,,Indirect,"Fox, George R., 1880-"
persname,TRUE,,lcnaf,,Indirect,"Francis, Thomas, 1900-"
persname,TRUE,,lcnaf,,Indirect,"Frankel, Betty."
persname,TRUE,http://id.loc.gov/authorities/names/n79144658,lcnaf,,Indirect,"Frankena, William K."
persname,TRUE,http://id.loc.gov/authorities/names/n88276628,lcnaf,,Indirect,"Franklin, C. L. (Clarence LaVaughn), 1915-1984."
persname,TRUE,,lcnaf,,Indirect,"Frank, Richard C."
persname,TRUE,,lcnaf,,Indirect,"Frederickson, Randa, collector."
persname,TRUE,,lcnaf,,Indirect,"Freedman, David Noel, 1922-"
persname,TRUE,,lcnaf,,Indirect,"Freedman, Ronald 1917-"
persname,TRUE,,lcnaf,,Indirect,"Frey, Charles F., 1929 –"
persname,TRUE,http://id.loc.gov/authorities/names/n85801636,lcnaf,,Indirect,"Frieze, Henry S. (Henry Simmons), 1817-1889."
persname,TRUE,,lcnaf,,Indirect,"Frisbie, Nora G., collector."
persname,TRUE,,lcnaf,,Indirect,"Frost, Wallace, 1892-1962."
persname,TRUE,,lcnaf,,Indirect,"Fulcher, Earl, 1892-1979."
persname,TRUE,,lcnaf,,Indirect,"Fuller, Ella G. (Ella Grace), 1872-1968."
persname,TRUE,http://id.loc.gov/authorities/names/nr92035613,lcnaf,,Indirect,"Fulton, Douglas."
persname,TRUE,,lcnaf,,Indirect,"Gabler, Cornelius L. T., 1902-1988."
persname,TRUE,,lcnaf,,Indirect,"Gajec, Edward, 1918-"
persname,TRUE,http://id.loc.gov/authorities/names/n85210459,lcnaf,,Indirect,"Galbraith, D. James."
persname,TRUE,,lcnaf,,Indirect,"Gale, Esson McDowell, 1884-"
persname,TRUE,,lcnaf,,Indirect,"Gallagher, Arthur."
persname,TRUE,,lcnaf,,Indirect,"Galler, Bernard A."
persname,TRUE,,lcnaf,,Indirect,"Garcia, Valde."
persname,TRUE,http://id.loc.gov/authorities/names/no2010196714,lcnaf,,Indirect,"Garrison, Garnet R., 1911-"
persname,TRUE,http://id.loc.gov/authorities/names/no95004027,lcnaf,,Indirect,"Gates, Frank C. (Frank Caleb), 1887-1955."
persname,TRUE,,lcnaf,,Indirect,"Gehring, Carl Ernest, 1897-1966."
persname,TRUE,,lcnaf,,Indirect,"Gellein, Hilmer."
persname,TRUE,,lcnaf,,Indirect,"Geltz, Albert E."
persname,TRUE,,lcnaf,,Indirect,"Gepford, William."
persname,TRUE,,lcnaf,,Indirect,"Gerard, Ralph Waldo (1900-1974)."
persname,TRUE,http://id.loc.gov/authorities/names/no2014093740,lcnaf,,Indirect,"Gesell, Robert, 1886-1954."
persname,TRUE,,lcnaf,,Indirect,"Gibbons, Delmar D., 1913-"
persname,TRUE,,lcnaf,,Indirect,"Gibson, Kenneth Richard, 1895-1959."
persname,TRUE,,lcnaf,,Indirect,"Giese, Elizabeth H., 1943-"
persname,TRUE,,lcnaf,,Indirect,"Gildart, Joyce S. (Joyce Stuart), ca. 1920-1969"
persname,TRUE,http://id.loc.gov/authorities/names/nb98051213,lcnaf,,Indirect,"Gilfillan, Lauren, 1909-"
persname,TRUE,,lcnaf,,Indirect,"Gillespie, Glenn C.(Glenn Carlton), 1885-"
persname,TRUE,,lcnaf,,Indirect,"Gillette, Genevieve, 1898-"
persname,TRUE,,lcnaf,,Indirect,"Gill, Lillian."
persname,TRUE,,lcnaf,,Indirect,"Gilman, Sid, 1932-"
persname,TRUE,http://id.loc.gov/authorities/names/n85186040,lcnaf,,Indirect,"Gilmore, Melvin R. (Melvin Randolph), 1868-1940."
persname,TRUE,,lcnaf,,Indirect,"Giltrow, David."
persname,TRUE,http://id.loc.gov/authorities/names/n50029911,lcnaf,,Indirect,"Gingrich, Arnold."
persname,TRUE,,lcnaf,,Indirect,"Ginsberg, Edward, 1917-1997."
persname,TRUE,,lcnaf,,Indirect,"Gitzen, Joseph A."
persname,TRUE,http://id.loc.gov/authorities/names/nr00036451,lcnaf,,Indirect,"Gjelsness, Rudolph H. (Rudolph Hjalmar), 1894-1968."
persname,TRUE,,lcnaf,,Indirect,"Glassford, Harold T., 1903-1984."
persname,TRUE,http://id.loc.gov/authorities/names/n2010006697,lcnaf,,Indirect,"Glazer, Lawrence M."
persname,TRUE,,lcnaf,,Indirect,"Williams, G. Mennen, 1911-"
persname,TRUE,http://id.loc.gov/authorities/names/n86861548,lcnaf,,Indirect,"Goddard, Edwin C. (Edwin Charles), 1865-1942."
persname,TRUE,,lcnaf,,Indirect,"Goebel, Paul Gordon, 1901-"
persname,TRUE,,lcnaf,,Indirect,"Goldberg, Stanley B."
persname,TRUE,http://id.loc.gov/authorities/names/n82136766,lcnaf,,Indirect,"Goldman, Edwin Franko, 1878-1956."
persname,TRUE,,lcnaf,,Indirect,"Gomberg, Edith."
persname,TRUE,,lcnaf,,Indirect,"Gomberg, H. J. (Henry Jacob), 1918-"
persname,TRUE,,lcnaf,,Indirect,"Gomon, Josephine Fellows, 1892-1975."
persname,TRUE,,lcnaf,,Indirect,"Goodrich, Calvin."
persname,TRUE,,lcnaf,,Indirect,"Goodrich, Fred Stanley, 1836-1919."
persname,TRUE,,lcnaf,,Indirect,"Good, Janet."
persname,TRUE,,lcnaf,,Indirect,"Goodman, Grant Kohn"
persname,TRUE,,lcnaf,,Indirect,"Goodspeed, Robert"
persname,TRUE,,lcnaf,,Indirect,"Gorman, Michael (Michael Arthur), 1892-1958."
persname,TRUE,,lcnaf,,Indirect,"Gosling, John R.G., 1926-1992"
persname,TRUE,,lcnaf,,Indirect,"Gossett, Elizabeth Hughes, 1907-1981."
persname,TRUE,,lcnaf,,Indirect,"Gossett, William T."
persname,TRUE,,lcnaf,,Indirect,"Graham, Chester A. (Chester Arthur), 1892-"
persname,TRUE,http://id.loc.gov/authorities/names/n79056623,lcnaf,,Indirect,"Gramlich, Edward M."
persname,TRUE,,lcnaf,,Indirect,"Graves, Benjamin Franklin, b. 1817."
persname,TRUE,,lcnaf,,Indirect,"Gray, Harold Studley, 1894-1972."
persname,TRUE,,lcnaf,,Indirect,"Green, Amos R., 1887-1968."
persname,TRUE,,lcnaf,,Indirect,"Green, Harold C., 1889-1976."
persname,TRUE,http://id.loc.gov/authorities/names/n84043369,lcnaf,,Indirect,"Green, Elizabeth A. H."
persname,TRUE,http://id.loc.gov/authorities/names/no2008183293,lcnaf,,Indirect,"Green, Fred Warren, 1872-1936."
persname,TRUE,,lcnaf,,Indirect,"Green, Fred Harrison, 1890-1961."
persname,TRUE,,lcnaf,,Indirect,"Greenman, Emerson Frank, 1895-1973."
persname,TRUE,,lcnaf,,Indirect,"Green, Sullivan Dexter, 1833-1889."
persname,TRUE,,lcnaf,,Indirect,"Gressman, Eugene, 1917-"
persname,TRUE,,lcnaf,,Indirect,"Grier, John William, 1892-1979."
persname,TRUE,,lcnaf,,Indirect,"Griffin, James Bennett, 1905-1997"
persname,TRUE,http://id.loc.gov/authorities/names/n85252274,lcnaf,,Indirect,"Griffin, Levi T. (Levi Thomas), 1837-1906."
persname,TRUE,,lcnaf,,Indirect,"Griffiths, Martha Wright, 1912-2003."
persname,TRUE,http://id.loc.gov/authorities/names/no97017949,lcnaf,,Indirect,"Grigaut, Paul L."
persname,TRUE,,lcnaf,,Indirect,"Grimes, Lucia Isabelle Voorhees, 1877-1978."
persname,TRUE,,lcnaf,,Indirect,"Grimm, Joe."
persname,TRUE,http://id.loc.gov/authorities/names/no2013062839,lcnaf,,Indirect,"Williams, Gardner Stewart, 1866-1931."
persname,TRUE,http://id.loc.gov/authorities/names/n86137853,lcnaf,,Indirect,"Guest, Edgar A. (Edgar Albert), 1881-1959."
persname,TRUE,,lcnaf,,Indirect,"Guthe, Carl Eugen, 1893-"
persname,TRUE,,lcnaf,,Indirect,"Guthrie, James W. (James Welch), 1827-1911."
persname,TRUE,,lcnaf,,Indirect,"Gutiérrez, Lorraine M."
persname,TRUE,http://id.loc.gov/authorities/names/nr90022702,lcnaf,,Indirect,"Haber, William, 1899-1988."
persname,TRUE,,lcnaf,,Indirect,"Haidostian, Alice Berberian."
persname,TRUE,,lcnaf,,Indirect,"Haisley, Otto Webster, 1884-1959."
persname,TRUE,http://id.loc.gov/authorities/names/no99054928,lcnaf,,Indirect,"Haller, Douglas M."
persname,TRUE,,lcnaf,,Indirect,"Hall, Gwendolyn Midlo, 1929-"
persname,TRUE,,lcnaf,,Indirect,"Halstead, Claribel Baird, 1904-"
persname,TRUE,http://id.loc.gov/authorities/names/n79106282,lcnaf,,Indirect,"Halstead, William Perdue."
persname,TRUE,,lcnaf,,Indirect,"Hammaker, Wilbur Emery, 1876-1968."
persname,TRUE,,lcnaf,,Indirect,"Hammond, Fred"
persname,TRUE,,lcnaf,,Indirect,"Hampton, Will E., 1864-1959."
persname,TRUE,,lcnaf,,Indirect,"Hanchett, Benjamin Sawtell, 1868-1933."
persname,TRUE,,lcnaf,,Indirect,"Hankinson, Thomas Leroy, 1876-1935"
persname,TRUE,http://id.loc.gov/authorities/names/no2009044692,lcnaf,,Indirect,"Harbour, James E."
persname,TRUE,,lcnaf,,Indirect,"Harms, George W., 1921-1993."
persname,TRUE,,lcnaf,,Indirect,"Harms, Marguerite."
persname,TRUE,,lcnaf,,Indirect,"Harriman, John, collector."
persname,TRUE,,lcnaf,,Indirect,"Harrison, G. B. (George Bagshawe), 1894-"
persname,TRUE,,lcnaf,,Indirect,"Harris, Robert J."
persname,TRUE,,lcnaf,,Indirect,"Hart, Adelaide J., 1900-1995"
persname,TRUE,,lcnaf,,Indirect,"Hart, Jane Briggs."
persname,TRUE,http://id.loc.gov/authorities/names/n87870675,lcnaf,,Indirect,"Hart, Philip A. (Philip Aloysius), 1912-1976."
persname,TRUE,,lcnaf,,Indirect,"Hartwick, Edward N."
persname,TRUE,,lcnaf,,Indirect,"Hartwig, Marie Dorothy, 1906-"
persname,TRUE,,lcnaf,,Indirect,"Day, Harvey S."
persname,TRUE,,lcnaf,,Indirect,"Hassen, Aliya, 1910-1990."
persname,TRUE,,lcnaf,,Indirect,"Hatcher, Harlan Henthorne, 1898-"
persname,TRUE,,lcnaf,,Indirect,"Hatch, Henry W."
persname,TRUE,,lcnaf,,Indirect,"Hatfield, Malcolm Keith, 1900-1961."
persname,TRUE,,lcnaf,,Indirect,"Hathaway, Will."
persname,TRUE,,lcnaf,,Indirect,"Hathaway, Mary."
persname,TRUE,http://id.loc.gov/authorities/names/n85363436,lcnaf,,Indirect,"Haven, E. O. (Erastus Otis), 1820-1881."
persname,TRUE,http://id.loc.gov/authorities/names/no98133472,lcnaf,,Indirect,"Haviland, Dale."
persname,TRUE,,lcnaf,,Indirect,"Havstad, Jeaneane."
persname,TRUE,,lcnaf,,Indirect,"Hayden, Jay G., 1884-1971."
persname,TRUE,http://id.loc.gov/authorities/names/n85252398,lcnaf,,Indirect,"Hayden, Joseph Ralston, 1887-1945."
persname,TRUE,http://id.loc.gov/authorities/names/n85252398,lcnaf,,Indirect,"Hayden, Joseph Ralston, 1887-1945."
persname,TRUE,,lcnaf,,Indirect,"Haydon, Arthur W., 1844-1918."
persname,TRUE,http://id.loc.gov/authorities/names/n92120940,lcnaf,,Indirect,"Haydon, Charles B., 1834-1864."
persname,TRUE,http://id.loc.gov/authorities/names/no2006092083,lcnaf,,Indirect,"Haynes, Rick."
persname,TRUE,,lcnaf,,Indirect,"Hay, Regina, 1896-"
persname,TRUE,,lcnaf,,Indirect,"Hays-Hamilton, Barbara."
persname,TRUE,,lcnaf,,Indirect,"Haywood, Harry, 1898-"
persname,TRUE,http://id.loc.gov/authorities/names/no2004105892,lcnaf,,Indirect,"Joy, Henry Bourne, 1864-1936."
persname,TRUE,,lcnaf,,Indirect,"Adams, Henry C., 1851-1921"
persname,TRUE,,lcnaf,,Indirect,"Headlee, Richard H., d 1930-"
persname,TRUE,,lcnaf,,Indirect,"Heath, Alex."
persname,TRUE,,lcnaf,,Indirect,"Heath, Alex, collector."
persname,TRUE,http://id.loc.gov/authorities/names/n00098827,lcnaf,,Indirect,"Heaton, Paul C."
persname,TRUE,,lcnaf,,Indirect,"Heineman, David Emil, 1865-1935."
persname,TRUE,,lcnaf,,Indirect,"Heler, Ann."
persname,TRUE,,lcnaf,,Indirect,"Helmer, L. May."
persname,TRUE,,lcnaf,,Indirect,"Hempl, George, 1859-1921."
persname,TRUE,,lcnaf,,Indirect,"Henderson, John W. (John Woodworth), 1916-"
persname,TRUE,,lcnaf,,Indirect,"Henkelman, William, 1894-"
persname,TRUE,http://id.loc.gov/authorities/names/no2008189963,lcnaf,,Indirect,"Herbert, J. Joseph, 1894-1956."
persname,TRUE,,lcnaf,,Indirect,"Heusel, Ted"
persname,TRUE,,lcnaf,,Indirect,"Russell, Howard. H., 1855-1946"
persname,TRUE,,lcnaf,,Indirect,"Price, Hickman, 1911-"
persname,TRUE,,lcnaf,,Indirect,"Hicks, Stewart F."
persname,TRUE,,lcnaf,,Indirect,"Hilbert, Morton S."
persname,TRUE,http://id.loc.gov/authorities/names/n87823944,lcnaf,,Indirect,"Hildebrandt, Theophil Henry, 1888-"
persname,TRUE,,lcnaf,,Indirect,"Hillegonds, Paul C., 1949-"
persname,TRUE,,lcnaf,,Indirect,"Hill, George D."
persname,TRUE,http://id.loc.gov/authorities/names/n80034971,lcnaf,,Indirect,"Hill, Helen, 1915-"
persname,TRUE,http://id.loc.gov/authorities/names/n85802523,lcnaf,,Indirect,"Hiltner, W. A. (William Albert), 1914-"
persname,TRUE,http://id.loc.gov/authorities/names/n84012363,lcnaf,,Indirect,"Hinsdale, W. B. (Wilbert B.), 1851-1944."
persname,TRUE,,lcnaf,,Indirect,"Hoag, Gerald H."
persname,TRUE,http://id.loc.gov/authorities/names/n86869592,lcnaf,,Indirect,"Hobbs, William Herbert, 1864-1952."
persname,TRUE,,lcnaf,,Indirect,"Hobbs, William Herbert, 1864-1952."
persname,TRUE,,lcnaf,,Indirect,"Allen, D. C., collector."
persname,TRUE,,lcnaf,,Indirect,"Holbrook, Evans, 1875-1932."
persname,TRUE,http://id.loc.gov/authorities/names/n94803148,lcnaf,,Indirect,"Hollister, Richard Dennis Teall, 1878-"
persname,TRUE,,lcnaf,,Indirect,"Holland, Jeep, 1943-1998."
persname,TRUE,,lcnaf,,Indirect,"Holman, Charles F."
persname,TRUE,,lcnaf,,Indirect,"Holmes, Roy Hinman, 1882-1949."
persname,TRUE,,lcnaf,,Indirect,"Honey, Edward M."
persname,TRUE,http://id.loc.gov/authorities/names/n82163936,lcnaf,,Indirect,"Hoobler, Icie Gertrude Macy, 1892-"
persname,TRUE,http://id.loc.gov/authorities/names/no2004107411,lcnaf,,Indirect,"Horvath, William J., 1917-"
persname,TRUE,http://id.loc.gov/authorities/names/nr92024162,lcnaf,,Indirect,"Houghton, Douglass, 1809-1845."
persname,TRUE,,lcnaf,,Indirect,"Housel, William S., 1901-"
persname,TRUE,,lcnaf,,Indirect,"Howell, Chester M., 1883-1965."
persname,TRUE,,lcnaf,,Indirect,"Howell, Seymour, 1841-1909."
persname,TRUE,http://id.loc.gov/authorities/names/n50028559,lcnaf,,Indirect,"Howes, Alan B."
persname,TRUE,http://id.loc.gov/authorities/names/n83196231,lcnaf,,Indirect,"Hubbard, Bela, 1814-1896."
persname,TRUE,http://id.loc.gov/authorities/names/nr97041173,lcnaf,,Indirect,"Hubbard, Lucius L. (Lucius Lee), 1849-1933."
persname,TRUE,,lcnaf,,Indirect,"Hubbell, Theodore H."
persname,TRUE,,lcnaf,,Indirect,"Huber, Gotthelf Carl, 1865-1934."
persname,TRUE,,lcnaf,,Indirect,"Hucker, Charles O."
persname,TRUE,,lcnaf,,Indirect,"Huddleston, Eugene L., 1931-"
persname,TRUE,,lcnaf,,Indirect,"Hudson, Joseph L. (Joseph Lowthian), 1931-"
persname,TRUE,,lcnaf,,Indirect,"Huebner, George J., 1910-"
persname,TRUE,,lcnaf,,Indirect,"Hulcher, Wendell E. (Wendell Ellsworth), 1922-1999."
persname,TRUE,,lcnaf,,Indirect,"Hulst, Cornelia Steketee"
persname,TRUE,,lcnaf,,Indirect,"Hultquist, Donald E."
persname,TRUE,http://id.loc.gov/authorities/names/n79026780,lcnaf,,Indirect,"Hunter, Woodrow Wilson, 1913-"
persname,TRUE,,lcnaf,,Indirect,"Hunt, Mary."
persname,TRUE,http://id.loc.gov/authorities/names/n88002366,lcnaf,,Indirect,"Hutchins, Harry B. (Harry Burns), 1847-1930."
persname,TRUE,,lcnaf,,Indirect,"Hyde, Wesley W."
persname,TRUE,,lcnaf,,Indirect,"Ireland, Mark Lorin."
persname,TRUE,http://id.loc.gov/authorities/names/no93000184,lcnaf,,Indirect,"Isaacs, Bernard, 1882-1975."
persname,TRUE,,lcnaf,,Indirect,"Jabara, Abdeen"
persname,TRUE,http://id.loc.gov/authorities/names/no2001009391,lcnaf,,Indirect,"Jacobs, Albert Charles, 1900-1976."
persname,TRUE,,lcnaf,,Indirect,"Jacobs, Dick M., 1938-1993."
persname,TRUE,,lcnaf,,Indirect,"Jacobson, Harold Karan (1929-2001)"
persname,TRUE,http://id.loc.gov/authorities/names/n85028584,lcnaf,,Indirect,"Jacquez, John A. (John Alfred), 1922-"
persname,TRUE,,lcnaf,,Indirect,"Jarocki, Walter."
persname,TRUE,,lcnaf,,Indirect,"Jay, Philip, 1898-"
persname,TRUE,http://id.loc.gov/authorities/names/n2004148363,lcnaf,,Indirect,"Jefferson, Alexander, 1921-"
persname,TRUE,,lcnaf,,Indirect,"Jenkins, Guy Hugh."
persname,TRUE,,lcnaf,,Indirect,"Jenks, Stillman Visscher, 1895-1919."
persname,TRUE,http://id.loc.gov/authorities/names/n80010540,lcnaf,,Indirect,"Jensen, Ejner J."
persname,TRUE,http://id.loc.gov/authorities/names/n88151545,lcnaf,,Indirect,"Jensen, Jens, 1860-1951."
persname,TRUE,,lcnaf,,Indirect,"Jensen, Kathryn."
persname,TRUE,,lcnaf,,Indirect,"Jessye, Eva"
persname,TRUE,,lcnaf,,Indirect,"Jickling, John W."
persname,TRUE,,lcnaf,,Indirect,"Johnson, Frank O., 1877-1950."
persname,TRUE,,lcnaf,,Indirect,"Johnson, Edwin J., 1901-1968."
persname,TRUE,,lcnaf,,Indirect,"Johnson, Elias Finley, 1861-1933."
persname,TRUE,http://id.loc.gov/authorities/names/no98077665,lcnaf,,Indirect,"Johnson, Brian K."
persname,TRUE,http://id.loc.gov/authorities/names/no2004052855,lcnaf,,Indirect,"Johnston, Clarence Thomas, 1872-1970."
persname,TRUE,,lcnaf,,Indirect,"Johnston, George."
persname,TRUE,,lcnaf,,Indirect,"Joiner, Charles Wycliffe, 1916-"
persname,TRUE,,lcnaf,,Indirect,"Jones, Charles R. (Charles Reading), 1862-1944."
persname,TRUE,,lcnaf,,Indirect,"Jones, Frank B., 1905-"
persname,TRUE,http://id.loc.gov/authorities/names/no92020737,lcnaf,,Indirect,"Jones, Henry D. (Henry David), 1900-1987."
persname,TRUE,,lcnaf,,Indirect,"Jones, Joyce, 1897-1980."
persname,TRUE,http://id.loc.gov/authorities/names/no2006127897,lcnaf,,Indirect,"Jones, Lola M."
persname,TRUE,,lcnaf,,Indirect,"Jones, LaVerne"
persname,TRUE,,lcnaf,,Indirect,"Jones, Lawrence W. (Lawrence William)"
persname,TRUE,,lcnaf,,Indirect,"Jones, Sarah Van Hoosen."
persname,TRUE,,lcnaf,,Indirect,"Jones, Thankful O. (Thankful Olivia), 1814-1894."
persname,TRUE,,lcnaf,,Indirect,"Jones, Volney Hurt, 1903-"
persname,TRUE,http://id.loc.gov/authorities/names/no2009002033,lcnaf,,Indirect,"Jonkman, Bartel J. (Bartel John), 1884-1955."
persname,TRUE,,lcnaf,,Indirect,"Jouppi, Arvid"
persname,TRUE,http://id.loc.gov/authorities/names/n82020597,lcnaf,,Indirect,"Sunderland, Jabez Thomas, 1842-1936."
persname,TRUE,http://id.loc.gov/authorities/names/n88643417,lcnaf,,Indirect,"Judd, Dorothy Leonard."
persname,TRUE,,lcnaf,,Indirect,"Judson, Russell V."
persname,TRUE,,lcnaf,,Indirect,"Jung, Frank Richard."
persname,TRUE,,lcnaf,,Indirect,"Juster, F. Thomas"
persname,TRUE,http://id.loc.gov/authorities/names/no2005026652,lcnaf,,Indirect,"Kagan, Steve."
persname,TRUE,http://id.loc.gov/authorities/names/n88163469,lcnaf,,Indirect,"Kahn, Albert, 1869-1942."
persname,TRUE,,lcnaf,,Indirect,"Kahn, Raymond H., 1930-"
persname,TRUE,,lcnaf,,Indirect,"Kahn, Reuben Leon"
persname,TRUE,,lcnaf,,Indirect,"Kalisch, Beatrice J."
persname,TRUE,,lcnaf,,Indirect,"Kalmbach, Robert."
persname,TRUE,http://id.loc.gov/authorities/names/n79022290,lcnaf,,Indirect,"Kamisar, Yale."
persname,TRUE,,lcnaf,,Indirect,"Kamm, Greg"
persname,TRUE,,lcnaf,,Indirect,"Kapenga, Gladys"
persname,TRUE,,lcnaf,,Indirect,"Karoub, James, 1929-1994."
persname,TRUE,http://id.loc.gov/authorities/names/n79135334,lcnaf,,Indirect,"Karpinski, Louis Charles, 1878-1956."
persname,TRUE,,lcnaf,,Indirect,"Katona, George, 1901-"
persname,TRUE,http://id.loc.gov/authorities/names/n80060596,lcnaf,,Indirect,"Katz, Daniel, 1903-1998"
persname,TRUE,,lcnaf,,Indirect,"Katz, Donald La Verne, 1907-"
persname,TRUE,,lcnaf,,Indirect,"Katz, Henry."
persname,TRUE,,lcnaf,,Indirect,"Kaufman, Arnold S. (Arnold Saul), 1927-1971"
persname,TRUE,,lcnaf,,Indirect,"Kaufmann, Susan W."
persname,TRUE,http://id.loc.gov/authorities/names/n79119400,lcnaf,,Indirect,"Kauper, Paul G."
persname,TRUE,,lcnaf,,Indirect,"Kausch, Jack."
persname,TRUE,http://id.loc.gov/authorities/names/n2004140763,lcnaf,,Indirect,"Kavanaugh, John L."
persname,TRUE,,lcnaf,,Indirect,"Kean, James E."
persname,TRUE,,lcnaf,,Indirect,"Keen, Clifford, 1901-"
persname,TRUE,,lcnaf,,Indirect,"Kefauver, Lee, 1934-"
persname,TRUE,http://id.loc.gov/authorities/names/no2008031481,lcnaf,,Indirect,"Kelley, Patrick Henry, 1867-1925."
persname,TRUE,http://id.loc.gov/authorities/names/n50060957,lcnaf,,Indirect,"Kellogg, John Harvey, 1852-1943."
persname,TRUE,,lcnaf,,Indirect,John Harvey Kellogg (1852-1943)
persname,TRUE,http://id.loc.gov/authorities/names/n50060957,lcnaf,,Indirect,"Kellogg, John Harvey, 1852-1943."
persname,TRUE,,lcnaf,,Indirect,"Kelly, Everett Lowell, 1905-"
persname,TRUE,,lcnaf,,Indirect,"Kelsey, Francis W. (Francis Willey), b. 1858."
persname,TRUE,,lcnaf,,Indirect,"Kelsey, John T., 1921-"
persname,TRUE,,lcnaf,,Indirect,"Kemmering, Catherine"
persname,TRUE,,lcnaf,,Indirect,"Kemnitz, Milton."
persname,TRUE,,lcnaf,,Indirect,"Kendall, David W., 1903-1976."
persname,TRUE,,lcnaf,,Indirect,"Kendrick, Pearl L., 1890-1980."
persname,TRUE,,lcnaf,,Indirect,"Kennedy, Charles Stuart, 1887-1966."
persname,TRUE,http://id.loc.gov/authorities/names/no2011054231,lcnaf,,Indirect,"Kennedy, Cornelia G. (Cornelia Groefsema), 1923-2014."
persname,TRUE,,lcnaf,,Indirect,"Kennedy, Frank R., 1914-"
persname,TRUE,,lcnaf,,Indirect,"Kennedy, G. Donald (George Donald), 1900-"
persname,TRUE,,lcnaf,,Indirect,"Kent, Charles A. (Charles Artemas),1835-1917."
persname,TRUE,,lcnaf,,Indirect,"Kent, Charles Edwin."
persname,TRUE,,lcnaf,,Indirect,"Kent, W. Wallace (William Wallace), 1916-1973."
persname,TRUE,http://id.loc.gov/authorities/names/n86110371,lcnaf,,Indirect,"Kerman, Cynthia Earl."
persname,TRUE,http://id.loc.gov/authorities/names/n88294043,lcnaf,,Indirect,"Kerr, Philip."
persname,TRUE,,lcnaf,,Indirect,"Ketcham, Gilbert."
persname,TRUE,,lcnaf,,Indirect,"Ketefian, Shaké."
persname,TRUE,,lcnaf,,Indirect,"Khoury, Sari, 1941-1997."
persname,TRUE,,lcnaf,,Indirect,"Kiel, Frank Burdette."
persname,TRUE,http://id.loc.gov/authorities/names/n79069421,lcnaf,,Indirect,"Kikuchi, Chihiro, 1914-"
persname,TRUE,,lcnaf,,Indirect,"Kimball, Donald A., 1907-1998."
persname,TRUE,,lcnaf,,Indirect,"Kincaid, Joseph E."
persname,TRUE,http://id.loc.gov/authorities/names/no00025473,lcnaf,,Indirect,"King, Emery C."
persname,TRUE,,lcnaf,,Indirect,"King, Jane Otteson"
persname,TRUE,,lcnaf,,Indirect,"King, Jean."
persname,TRUE,,lcnaf,,Indirect,"Owens, John"
persname,TRUE,,lcnaf,,Indirect,"King, Robert"
persname,TRUE,,lcnaf,,Indirect,"Kipke, Harry G., 1899-1972."
persname,TRUE,http://id.loc.gov/authorities/names/n87135528,lcnaf,,Indirect,"Kirk, Andy, 1898-1992."
persname,TRUE,,lcnaf,,Indirect,"Kish, George, 1914-"
persname,TRUE,,lcnaf,,Indirect,"Kish, Leslie, 1910-"
persname,TRUE,,lcnaf,,Indirect,"Kjølhede, Peder"
persname,TRUE,,lcnaf,,Indirect,"Kleiner, A. Robert"
persname,TRUE,,lcnaf,,Indirect,"Kleinman, Rose Parker, 1914-1977."
persname,TRUE,,lcnaf,,Indirect,"Knowles, Margaret Keal, collector."
persname,TRUE,http://id.loc.gov/authorities/names/n88071890,lcnaf,,Indirect,"Knowlton, Jerome C. (Jerome Cyril),1850-1916."
persname,TRUE,,lcnaf,,Indirect,"Knox, Frank, 1874-1944."
persname,TRUE,http://id.loc.gov/authorities/names/n82037904,lcnaf,,Indirect,"Koch, Theodore Wesley, 1871-1941."
persname,TRUE,,lcnaf,,Indirect,"Koeff, Steve T."
persname,TRUE,,lcnaf,,Indirect,"Koelz, Walter, 1895-"
persname,TRUE,http://id.loc.gov/authorities/names/n85200703,lcnaf,,Indirect,"Kolb, Chris."
persname,TRUE,,lcnaf,,Indirect,"Kolbe, Frank F."
persname,TRUE,,lcnaf,,Indirect,"Kongas, Lembi."
persname,TRUE,,lcnaf,,Indirect,"Kooker, Arthur R. (Arthur Raymond), 1907-1978, collector."
persname,TRUE,,lcnaf,,Indirect,"Korab, Balthazar."
persname,TRUE,,lcnaf,,Indirect,"Kornegay, Francis A."
persname,TRUE,,lcnaf,,Indirect,"Kraker, Norma F."
persname,TRUE,,lcnaf,,Indirect,"Kramer, Arthur W., 1906-1998."
persname,TRUE,,lcnaf,,Indirect,"Kraus, Edward Henry, 1875-"
persname,TRUE,,lcnaf,,Indirect,"Kraus, Edward Henry, 1875-"
persname,TRUE,http://id.loc.gov/authorities/names/n92036691,lcnaf,,Indirect,"Krebs, M. (Michelle)"
persname,TRUE,http://id.loc.gov/authorities/names/n79140998,lcnaf,,Indirect,"Kresge, Stanley Sebastian, 1900-"
persname,TRUE,http://id.loc.gov/authorities/names/n79140999,lcnaf,,Indirect,"Kresge, Sebastian Spering, 1867-1966."
persname,TRUE,http://id.loc.gov/authorities/names/no2006106343,lcnaf,,Indirect,"Krueger, Kermit."
persname,TRUE,,lcnaf,,Indirect,"Kulakow, Adam"
persname,TRUE,,lcnaf,,Indirect,"Kuplan, Louis."
persname,TRUE,,lcnaf,,Indirect,"Kvaran, Einar."
persname,TRUE,http://id.loc.gov/authorities/names/n92063112,lcnaf,,Indirect,"Lacy, Arthur J. (Arthur Jay), 1876-1975."
persname,TRUE,,lcnaf,,Indirect,"Lagler Karl Frank, 1912-"
persname,TRUE,,lcnaf,,Indirect,"Laing, Richard A."
persname,TRUE,,lcnaf,,Indirect,"Lambert, Marguerite Novy."
persname,TRUE,,lcnaf,,Indirect,"Landers, Frank Michael, 1911-"
persname,TRUE,,lcnaf,,Indirect,"Landes, Lee E. (Lee Everett)"
persname,TRUE,,lcnaf,,Indirect,"Lane, Charles W. (Charles Wesley), 1919-"
persname,TRUE,,lcnaf,,Indirect,"Langlands, Charlotte."
persname,TRUE,http://id.loc.gov/authorities/names/n50035997,lcnaf,,Indirect,"Lansing, John B."
persname,TRUE,,lcnaf,,Indirect,"Laporte, Otto, 1902-1971."
persname,TRUE,,lcnaf,,Indirect,"Larcom, Guy C. , 1913-"
persname,TRUE,,lcnaf,,Indirect,"Larson, Carl Theodore, 1903-1988."
persname,TRUE,,lcnaf,,Indirect,"Larue, George R. (George Roger), b. 1882."
persname,TRUE,,lcnaf,,Indirect,Latin Americans for Social and Economic Development
persname,TRUE,,lcnaf,,Indirect,"Lauer, Frank E."
persname,TRUE,http://id.loc.gov/authorities/names/no2008183527,lcnaf,,Indirect,"Lawrence, Howard Cyrus, 1890-1961."
persname,TRUE,http://id.loc.gov/authorities/names/no2006035848,lcnaf,,Indirect,"Lawton, James Frederick, 1888-1969."
persname,TRUE,,lcnaf,,Indirect,"Leach, James."
persname,TRUE,,lcnaf,,Indirect,"Leech, Carl Addison."
persname,TRUE,,lcnaf,,Indirect,"Lee, Joseph T. A."
persname,TRUE,,lcnaf,,Indirect,"LeFavour, David, 1873-1910."
persname,TRUE,,lcnaf,,Indirect,"Lehman, Evangeline Marie, 1896-1975."
persname,TRUE,,lcnaf,,Indirect,"Lehman, Ira A., 1891-1992."
persname,TRUE,,lcnaf,,Indirect,"Lehmann, Charles Frederick, 1922-"
persname,TRUE,http://id.loc.gov/authorities/names/no98092827,lcnaf,,Indirect,"Leith, Emmett N."
persname,TRUE,,lcnaf,,Indirect,"Lemble, George Francis"
persname,TRUE,,lcnaf,,Indirect,"Lemmer, Elizabeth, collector."
persname,TRUE,http://id.loc.gov/authorities/names/n87915082,lcnaf,,Indirect,"Lemmer, Victor F."
persname,TRUE,,lcnaf,,Indirect,"Lemon, William Philip, 1882-1967."
persname,TRUE,,lcnaf,,Indirect,"Leonard, Justin W., 1909-1975."
persname,TRUE,,lcnaf,,Indirect,"Leonard, Donald S. (Donald Sparling), 1903-1976."
persname,TRUE,http://id.loc.gov/authorities/names/nr96018829,lcnaf,,Indirect,"LeRoy, James A. (James Alfred), 1875-1909."
persname,TRUE,,lcnaf,,Indirect,"Lesinski, John, 1914-2005."
persname,TRUE,,lcnaf,,Indirect,"Leslie, Dale R., collector"
persname,TRUE,,lcnaf,,Indirect,"Leslie, Elizabeth A."
persname,TRUE,http://id.loc.gov/authorities/names/n91085886,lcnaf,,Indirect,"Leslie, Eugene H. (Eugene Hendricks), b. 1892."
persname,TRUE,,lcnaf,,Indirect,"Leutheuser, Margaret."
persname,TRUE,,lcnaf,,Indirect,"Lewis, Charles E."
persname,TRUE,,lcnaf,,Indirect,"Lewis, Howard Bishop, 1887-1954."
persname,TRUE,,lcnaf,,Indirect,"Lewis, Howard Bishop, 1887-1954."
persname,TRUE,,lcnaf,,Indirect,"Lewis, Robert E."
persname,TRUE,,lcnaf,,Indirect,"Lewis, William Augustus, 1825-1917."
persname,TRUE,,lcnaf,,Indirect,"Liddicoat, Richard T. (Richard Thomas), b. 1891."
persname,TRUE,,lcnaf,,Indirect,"Likert, Rensis, 1903-"
persname,TRUE,,lcnaf,,Indirect,"Lilly, Albert John."
persname,TRUE,http://id.loc.gov/authorities/names/n85051179,lcnaf,,Indirect,"Lincoln, James H."
persname,TRUE,,lcnaf,,Indirect,"Lindeman, Joyce."
persname,TRUE,,lcnaf,,Indirect,"Lindemer, Lawrence B. 1921-"
persname,TRUE,http://id.loc.gov/authorities/names/n79006498,lcnaf,,Indirect,"Lippitt, Ronald."
persname,TRUE,,lcnaf,,Indirect,"Little, Clarence C. (Clarence Cook), b. 1888."
persname,TRUE,http://id.loc.gov/authorities/names/no2011081792,lcnaf,,Indirect,"Littmann, David L."
persname,TRUE,,lcnaf,,Indirect,"Livingstone, William, 1844-1925."
persname,TRUE,,lcnaf,,Indirect,"Lloyd, Alfred Henry, (1864-1927)"
persname,TRUE,http://id.loc.gov/authorities/names/n87126725,lcnaf,,Indirect,"Lloyd, Alfred H. (Alfred Henry), 1864-1927."
persname,TRUE,,lcnaf,,Indirect,"Lockley, George, b. 1836."
persname,TRUE,,lcnaf,,Indirect,"Lombard, Warren P. (Warren Plimpton), 1855-1939."
persname,TRUE,http://id.loc.gov/authorities/names/n2006182890,lcnaf,,Indirect,"Lombard, Warren P. (Warren Plimpton), 1855-1939."
persname,TRUE,,lcnaf,,Indirect,"Long, Thomas G., 1883-1973."
persname,TRUE,http://id.loc.gov/authorities/names/nr00003373,lcnaf,,Indirect,"Longyear, John Wesley, 1820-1875."
persname,TRUE,http://id.loc.gov/authorities/names/n85240428,lcnaf,,Indirect,"Loomis, Ralph A., 1923-"
persname,TRUE,http://id.loc.gov/authorities/names/nr97041447,lcnaf,,Indirect,"Lorch, Emil, 1870-1963."
persname,TRUE,,lcnaf,,Indirect,"Losh, Hazel Marie, 1898-1978."
persname,TRUE,,lcnaf,,Indirect,"Loughray, John J., collector"
persname,TRUE,http://id.loc.gov/authorities/names/n80024557,lcnaf,,Indirect,"Louis, Joe, 1914-1981."
persname,TRUE,http://id.loc.gov/authorities/names/n80034078,lcnaf,,Indirect,"Love, Edmund G."
persname,TRUE,,lcnaf,,Indirect,"Lovejoy, Parrish Storrs, 1884-1992"
persname,TRUE,http://id.loc.gov/authorities/names/n85274911,lcnaf,,Indirect,"Lowe, Berenice Bryant."
persname,TRUE,,lcnaf,,Indirect,"Lowell, Dwight Nelson, d. 1907, collector"
persname,TRUE,,lcnaf,,Indirect,"Lowery, Percival C., 1885-1978."
persname,TRUE,,lcnaf,,Indirect,"Lucas, Henry Stephen, 1889-1961."
persname,TRUE,http://id.loc.gov/authorities/names/no91002221,lcnaf,,Indirect,"Lucas, William, 1928-"
persname,TRUE,,lcnaf,,Indirect,"Ludwig, Martha"
persname,TRUE,,lcnaf,,Indirect,"Lunden, Herman, 1859-1929."
persname,TRUE,,lcnaf,,Indirect,"Lusk, Sally."
persname,TRUE,,lcnaf,,Indirect,"Luther, E. Hardy, 1898-1982."
persname,TRUE,,lcnaf,,Indirect,"Lynn, Janet D."
persname,TRUE,http://id.loc.gov/authorities/names/n79043148,lcnaf,,Indirect,"Lytle, R. J., 1919-"
persname,TRUE,,lcnaf,,Indirect,"Lyttle, Alfred E."
persname,TRUE,,lcnaf,,Indirect,"MacAdam, Barbara"
persname,TRUE,,lcnaf,,Indirect,"Macalla, Michael J."
persname,TRUE,,lcnaf,,Indirect,"MacDonald, Kenneth H. (Kenneth Hugh), 1921-1989."
persname,TRUE,,lcnaf,,Indirect,"Magnaghi, Russell M."
persname,TRUE,,lcnaf,,Indirect,"Makarem, Julia."
persname,TRUE,,lcnaf,,Indirect,"Makled, Hussein."
persname,TRUE,http://id.loc.gov/authorities/names/n92120793,lcnaf,,Indirect,"Malcolm, George A. (George Arthur), 1881-1961."
persname,TRUE,,lcnaf,,Indirect,"Manning, John C. (John Charles), 1893-1967."
persname,TRUE,,lcnaf,,Indirect,"Mann, Richard D. (Richard Dewey), 1933-"
persname,TRUE,http://id.loc.gov/authorities/names/no2006019761,lcnaf,,Indirect,"Manny, Frank Addison, 1868-1954."
persname,TRUE,,lcnaf,,Indirect,"Mark, Michael L."
persname,TRUE,http://id.loc.gov/authorities/names/n95032553,lcnaf,,Indirect,"Marks, Craig."
persname,TRUE,,lcnaf,,Indirect,"Marquardt, Walter W. (Walter William), 1878-"
persname,TRUE,,lcnaf,,Indirect,"Martindale, Arthur Ingraham, 1910-1977"
persname,TRUE,,lcnaf,,Indirect,"Martin, Edward, collector."
persname,TRUE,,lcnaf,,Indirect,"Martin, John Butlin, 1909-"
persname,TRUE,,lcnaf,,Indirect,"Martin, Julia Bird."
persname,TRUE,,lcnaf,,Indirect,"Marzolf, Marion T."
persname,TRUE,http://id.loc.gov/authorities/names/n81076840,lcnaf,,Indirect,"Mason, Stevens Thomson, 1811-1843."
persname,TRUE,,lcnaf,,Indirect,"Maassab, Hunein F. ""John"""
persname,TRUE,,lcnaf,,Indirect,"Mattern, David E., 1890-1959."
persname,TRUE,,lcnaf,,Indirect,"Matthews, Donald Maxwell, 1886-"
persname,TRUE,,lcnaf,,Indirect,"Matuszewski, Walter C."
persname,TRUE,,lcnaf,,Indirect,"Maurer, Wesley Henry, 1897-"
persname,TRUE,http://id.loc.gov/authorities/names/n78077453,lcnaf,,Indirect,"May, George S."
persname,TRUE,http://id.loc.gov/authorities/names/no2001068883,lcnaf,,Indirect,"Mayman, Martin."
persname,TRUE,,lcnaf,,Indirect,"Maynard, Bernice G."
persname,TRUE,,lcnaf,,Indirect,"Maynard, Olivia."
persname,TRUE,,lcnaf,,Indirect,"Mazrui, Ali Al Amin."
persname,TRUE,http://id.loc.gov/authorities/names/n97062433,lcnaf,,Indirect,"McAllister, Dorothy Smith, 1899-1983."
persname,TRUE,,lcnaf,,Indirect,"McBrier, Edwin Merton, 1865-"
persname,TRUE,,lcnaf,,Indirect,"McCall, Almon Watson, 1905-1970."
persname,TRUE,,lcnaf,,Indirect,"McCall, Ernest James, 1873-1950"
persname,TRUE,,lcnaf,,Indirect,Dorothy McCauley
persname,TRUE,,lcnaf,,Indirect,"McClusky, Howard Y. (Howard Yale), 1890-1982."
persname,TRUE,,lcnaf,,Indirect,"McCollough, Lucille H."
persname,TRUE,,lcnaf,,Indirect,"McCord, Carey Pratt, 1886-"
persname,TRUE,,lcnaf,,Indirect,"McCracken, Marian, 1920-"
persname,TRUE,,lcnaf,,Indirect,"McCracken, Paul Winston, 1915-"
persname,TRUE,,lcnaf,,Indirect,"McCree, Dores."
persname,TRUE,,lcnaf,,Indirect,McCreery family
persname,TRUE,,lcnaf,,Indirect,"McFarlan, James H. (James Hoyt)"
persname,TRUE,,lcnaf,,Indirect,"McGrath, Frank J."
persname,TRUE,http://id.loc.gov/authorities/names/n50007843,lcnaf,,Indirect,"McGuigan, Dorothy Gies."
persname,TRUE,,lcnaf,,Indirect,"McHale, Cecil John, 1899-1948."
persname,TRUE,,lcnaf,,Indirect,"McIntire, Carl, 1906-"
persname,TRUE,,lcnaf,,Indirect,"McIntire, Sam, 1915-1988."
persname,TRUE,,lcnaf,,Indirect,"McKay, Frank D., 1883-1965."
persname,TRUE,,lcnaf,,Indirect,"McKeachie, Wilbert James, 1921-"
persname,TRUE,,lcnaf,,Indirect,"McKenzie, Walter I. (Walter Ingles), 1888-1962."
persname,TRUE,,lcnaf,,Indirect,"McKenzie, Walter I. (Walter Ingles), 1888-1962."
persname,TRUE,,lcnaf,,Indirect,"McKinney, Francis Fowler, 1891-1972."
persname,TRUE,http://id.loc.gov/authorities/names/n80090331,lcnaf,,Indirect,"McLaughlin, Andrew Cunningham, 1861-1947."
persname,TRUE,,lcnaf,,Indirect,"McLellan, Richard D."
persname,TRUE,http://id.loc.gov/authorities/names/no2008190169,lcnaf,,Indirect,"McMath, Robert R. (Robert Raynolds), 1891-1962."
persname,TRUE,,lcnaf,,Indirect,"McMenamy, Patrick Vincent, 1894-1965."
persname,TRUE,http://id.loc.gov/authorities/names/n93079863,lcnaf,,Indirect,"McNamara, Edward H."
persname,TRUE,,lcnaf,,Indirect,"McNamee, Ruth Braden, 1921-"
persname,TRUE,,lcnaf,,Indirect,"McNeil, Ella E."
persname,TRUE,http://id.loc.gov/authorities/names/n84104469,lcnaf,,Indirect,"McNitt, William H."
persname,TRUE,,lcnaf,,Indirect,"McPhail, Hugh D."
persname,TRUE,,lcnaf,,Indirect,"Meader, George, 1907-"
persname,TRUE,,lcnaf,,Indirect,"Meally, John Edward, 1864-"
persname,TRUE,,lcnaf,,Indirect,"Meerse, Marvin M., 1910-1978."
persname,TRUE,,lcnaf,,Indirect,"Menefee, Ferdinand Northrup, 1886-"
persname,TRUE,,lcnaf,,Indirect,"Merrill, George Washington, 1856-1937."
persname,TRUE,,lcnaf,,Indirect,"Merrill, Howard E."
persname,TRUE,,lcnaf,,Indirect,"Merry, Ellis B., 1907-1989."
persname,TRUE,,lcnaf,,Indirect,"Mershon, William B., 1856-1943"
persname,TRUE,,lcnaf,,Indirect,"Metcalf, Robert Clarence"
persname,TRUE,,lcnaf,,Indirect,"Meyer, Alfred G."
persname,TRUE,,lcnaf,,Indirect,"Meyers, Allen H., 1908-1976."
persname,TRUE,http://id.loc.gov/authorities/names/no98121869,lcnaf,,Indirect,University of Michigan. Men's Glee Club.
persname,TRUE,http://id.loc.gov/authorities/names/n2002022232,lcnaf,,Indirect,"Michener, Earl C. (Earl Cory), 1876-1957."
persname,TRUE,,lcnaf,,Indirect,"Mielke, William R."
persname,TRUE,,lcnaf,,Indirect,"Millard, Frank G. (Frank Gurnee), 1897-1976."
persname,TRUE,,lcnaf,,Indirect,"Mill, Edward W. (Edward William), 1916-1977."
persname,TRUE,,lcnaf,,Indirect,"Miller, Floyd Josiah, 1886-1954."
persname,TRUE,,lcnaf,,Indirect,"Miller, Janette Estelle, 1879-1969"
persname,TRUE,,lcnaf,,Indirect,"Miller, Philip F. (Philip Fall), 1915-1970."
persname,TRUE,,lcnaf,,Indirect,"Miller, Richard P."
persname,TRUE,,lcnaf,,Indirect,"Miller, Warren E. (Warren Edward), 1924-"
persname,TRUE,,lcnaf,,Indirect,"Milliken, Helen (Helen Wallbank)"
persname,TRUE,http://id.loc.gov/authorities/names/n80010387,lcnaf,,Indirect,"Milliken, William G., 1922-"
persname,TRUE,,lcnaf,,Indirect,"Mills, William L., 1901-1988."
persname,TRUE,,lcnaf,,Indirect,"Minard, Fred E."
persname,TRUE,,,,Indirect,"Lansing, Marjorie"
persname,TRUE,,lcnaf,,Indirect,"Moessner, Victoria Joan."
persname,TRUE,,lcnaf,,Indirect,"Moffit, John Ted, 1862-1947."
persname,TRUE,,lcnaf,,Indirect,"Moncrieff, Frederick E."
persname,TRUE,http://id.loc.gov/authorities/names/n85373787,lcnaf,,Indirect,"Monteith, John, 1788-1868."
persname,TRUE,http://id.loc.gov/authorities/names/n88638531,lcnaf,,Indirect,"Montgomery, Patricia Clancy, 1934-"
persname,TRUE,,lcnaf,,Indirect,"Moody, Blair, 1902-1954."
persname,TRUE,http://id.loc.gov/authorities/names/n50006184,lcnaf,,Indirect,"Moore, Arthur Dearth, 1895-"
persname,TRUE,http://id.loc.gov/authorities/names/n85351885,lcnaf,,Indirect,"Moore, Charles, 1855-1942."
persname,TRUE,http://id.loc.gov/authorities/names/no92016853,,,Indirect,"Moore, Earl Vincent, 1890-1987."
persname,TRUE,,lcnaf,,Indirect,"Moore, George William, b. 1847."
persname,TRUE,http://id.loc.gov/authorities/names/n2008021912,lcnaf,,Indirect,"Moore, Joel Roscoe, 1879-"
persname,TRUE,,lcnaf,,Indirect,"Morgan, James."
persname,TRUE,,lcnaf,,Indirect,"Morgan, James N."
persname,TRUE,http://id.loc.gov/authorities/names/n90648714,lcnaf,,Indirect,"Morris, George Sylvester, 1840-1889."
persname,TRUE,,lcnaf,,Indirect,M.O.S.E.S.
persname,TRUE,http://id.loc.gov/authorities/names/n98801230,lcnaf,,Indirect,"Mosher, Eliza Maria, 1846-1928."
persname,TRUE,http://id.loc.gov/authorities/names/n84073065,lcnaf,,Indirect,"Mowbray, Carol T."
persname,TRUE,,lcnaf,,Indirect,"Mudge, James Maxwell, 1914-1970."
persname,TRUE,,lcnaf,,Indirect,"Muffly, Gary"
persname,TRUE,,lcnaf,,Indirect,"Mullett, Martha, collector."
persname,TRUE,,lcnaf,,Indirect,"Mulligan, Joan Elizabeth, 1922-"
persname,TRUE,,lcnaf,,Indirect,"Mullins, Raymond G., 1943-"
persname,TRUE,,lcnaf,,Indirect,"Muncy, Ralph W. (Ralph Waldo), 1902-"
persname,TRUE,,lcnaf,,Indirect,"Murfin, James Orin, d 1875-1940."
persname,TRUE,http://id.loc.gov/authorities/names/n86025928,lcnaf,,Indirect,"Murphy, Frank, 1890-1949."
persname,TRUE,,lcnaf,,Indirect,"Murphy, George, 1897-1961."
persname,TRUE,,lcnaf,,Indirect,"Murphy, Irene Ellis, 1900-"
persname,TRUE,,lcnaf,,Indirect,"Murphy, John Francis, 1849-1926."
persname,TRUE,,lcnaf,,Indirect,"Murphy, Marguerite."
persname,TRUE,,lcnaf,,Indirect,"Muschenheim, William, 1902-1990."
persname,TRUE,http://id.loc.gov/authorities/names/no97032876,lcnaf,,Indirect,"Muschenheim, William."
persname,TRUE,http://id.loc.gov/authorities/names/n82042224,lcnaf,,Indirect,"Abraham, Nabeel."
persname,TRUE,,lcnaf,,Indirect,"Nederlander, Robert E., 1933-"
persname,TRUE,http://id.loc.gov/authorities/names/no92033138,lcnaf,,Indirect,"Nelson, J. Raleigh (Joseph Raleigh)"
persname,TRUE,,lcnaf,,Indirect,"Nethercut, LaVerne Schmitkons, 1929-"
persname,TRUE,,lcnaf,,Indirect,Netzorg family.
persname,TRUE,,lcnaf,,Indirect,"Neubecker, Michael."
persname,TRUE,,lcnaf,,Indirect,"Neumeier, Matthew"
persname,TRUE,http://id.loc.gov/authorities/names/n50003218,lcnaf,,Indirect,"Newcomb, Theodore Mead, 1903-1984."
persname,TRUE,,lcnaf,,Indirect,"Newkirk, Henry Wirt, 1854-1946."
persname,TRUE,,lcnaf,,Indirect,"Newton, Charles Tyley, 1893-"
persname,TRUE,,lcnaf,,Indirect,"Newton, Frank Thomas, 1867-1931."
persname,TRUE,,lcnaf,,Indirect,"Nicke, Herbert Henry."
persname,TRUE,,lcnaf,,Indirect,"Salvatore, Nick, 1943-"
persname,TRUE,,lcnaf,,Indirect,"Nicoloff, George."
persname,TRUE,,lcnaf,,Indirect,"Niehuss, Marvin Lemmon,1903-"
persname,TRUE,,lcnaf,,Indirect,"Nims, Richard, 1917-1994."
persname,TRUE,http://id.loc.gov/authorities/names/nr93016195,lcnaf,,Indirect,"Noble, Alfred, 1844-1914."
persname,TRUE,,lcnaf,,Indirect,"Nordby, Virginia, 1929-"
persname,TRUE,,lcnaf,,Indirect,"Nordman, Ethol Fred, 1896-1981."
persname,TRUE,,lcnaf,,Indirect,"Norman, Arthur Geoffrey, 1905-"
persname,TRUE,,lcnaf,,Indirect,"Norris, Harold."
persname,TRUE,http://id.loc.gov/authorities/names/n91025302,lcnaf,,Indirect,"Norton, William J. (William John), 1883-1975."
persname,TRUE,,lcnaf,,Indirect,"Novy, Frederick G., 1864-1957."
persname,TRUE,,lcnaf,,Indirect,"Nye, Kathryn C."
persname,TRUE,,lcnaf,,Indirect,"O'Brien, James F."
persname,TRUE,,lcnaf,,Indirect,"O’Brien, Michael, 1943-"
persname,TRUE,,lcnaf,,Indirect,"O’Brien, Thomas James, 1842-1933."
persname,TRUE,,lcnaf,,Indirect,"O'Dell, Frederick C. (Frederick Charles)"
persname,TRUE,,lcnaf,,Indirect,"Odjard, Otto Arthur."
persname,TRUE,http://id.loc.gov/authorities/names/n86859916,lcnaf,,Indirect,"O'Farrell, Brigid."
persname,TRUE,,lcnaf,,Indirect,"O'Hara, James G."
persname,TRUE,,lcnaf,,Indirect,"Okkelberg, Peter Olaus, 1880-"
persname,TRUE,,lcnaf,,Indirect,"Oksenberg, Michael, 1938-"
persname,TRUE,,lcnaf,,Indirect,"Olencki, Edward V."
persname,TRUE,,lcnaf,,Indirect,"Olmsted, Martha Louise Kinsey"
persname,TRUE,http://id.loc.gov/authorities/names/n82015388,lcnaf,,Indirect,"Olson, Gary M."
persname,TRUE,,lcnaf,,Indirect,"Olson, Norman."
persname,TRUE,http://id.loc.gov/authorities/names/n2004115546,lcnaf,,Indirect,"Olson, Willard Clifford, 1899-1978."
persname,TRUE,,lcnaf,,Indirect,"O’Neal, Joe"
persname,TRUE,,lcnaf,,Indirect,"Oosterbaan, Bennie Gaylord, 1906-"
persname,TRUE,,lcnaf,,Indirect,"Organski, A.F.K."
persname,TRUE,http://id.loc.gov/authorities/names/n83159503,lcnaf,,Indirect,"Orlebeke, Charles J."
persname,TRUE,,lcnaf,,Indirect,"Osborn, Chase S. (Chase Salmon), b. 1860."
persname,TRUE,http://id.loc.gov/authorities/names/n92118551,lcnaf,,Indirect,"Osborn, Stellanova, 1894-1988."
persname,TRUE,,lcnaf,,Indirect,"Osler, David W."
persname,TRUE,,lcnaf,,Indirect,"Ostafin, Peter A."
persname,TRUE,,lcnaf,,Indirect,"Ouradnik, Francis W."
persname,TRUE,,lcnaf,,Indirect,"Owen, Norman G., collector."
persname,TRUE,http://id.loc.gov/authorities/names/n82206517,lcnaf,,Indirect,"Pacosz, Christina V."
persname,TRUE,,lcnaf,,Indirect,"Palazzolo, Laurie, collector."
persname,TRUE,http://id.loc.gov/authorities/names/no2015040313,lcnaf,,Indirect,"Palmer, David Wheeler, 1807-1896."
persname,TRUE,,lcnaf,,Indirect,"Palmer, George E., 1908-1994."
persname,TRUE,http://id.loc.gov/authorities/names/no99034020,lcnaf,,Indirect,"Panchuk, John, 1904-1981."
persname,TRUE,,lcnaf,,Indirect,"Parker, Franklin Leonidas, 1820-1894."
persname,TRUE,http://id.loc.gov/authorities/names/nr92044565,lcnaf,,Indirect,"Parkinson, William Charles, 1918-"
persname,TRUE,http://id.loc.gov/authorities/names/nr93003098,lcnaf,,Indirect,"Parkhurst, John G. (John Gibson), 1824-1906."
persname,TRUE,http://id.loc.gov/authorities/names/nr93003098,lcnaf,,Indirect,"Parkhurst, John G. (John Gibson), 1824-1906."
persname,TRUE,http://id.loc.gov/authorities/names/no99028816,lcnaf,,Indirect,"Parks, Lyman S., 1917-"
persname,TRUE,,lcnaf,,Indirect,"Parrish, Silver."
persname,TRUE,,lcnaf,,Indirect,"Parsons, Jeffrey R. 1939-"
persname,TRUE,,lcnaf,,Indirect,"Paton, William Andrew, 1889-."
persname,TRUE,,lcnaf,,Indirect,"Patrick, Lawrence C."
persname,TRUE,http://id.loc.gov/authorities/names/no2012004395,lcnaf,,Indirect,"Pattengill, Henry Romaine, 1852-1918."
persname,TRUE,http://id.loc.gov/authorities/names/no00070108,lcnaf,,Indirect,"Patterson, L. Brooks."
persname,TRUE,,lcnaf,,Indirect,"Patterson, John C., 1838-1910."
persname,TRUE,http://id.loc.gov/authorities/names/n82208046,lcnaf,,Indirect,"Payne, William Harold, 1836-1907."
persname,TRUE,http://id.loc.gov/authorities/names/no2009110045,lcnaf,,Indirect,"Pennington, Jasper Green."
persname,TRUE,,lcnaf,,Indirect,"Pepin, George E."
persname,TRUE,,lcnaf,,Indirect,"Pepper, Samuel Dewitt, 1877-1960."
persname,TRUE,,lcnaf,,Indirect,"Perazza, Julio."
persname,TRUE,,lcnaf,,Indirect,"Perigo, Donald J."
persname,TRUE,,lcnaf,,Indirect,"Perrone, Dominic Joseph."
persname,TRUE,,lcnaf,,Indirect,"Perry, Maude Elaine Caldwell, 1873-1963."
persname,TRUE,,lcnaf,,Indirect,"Perry, Stuart Hoffman, 1874-1957."
persname,TRUE,,lcnaf,,Indirect,"Peterson, Elly, 1914-"
persname,TRUE,,lcnaf,,Indirect,"Peterson, Reuben, 1862-1942."
persname,TRUE,,lcnaf,,Indirect,"Peters, Kenneth Earl, collector."
