Interchanges and intersections,temporal
1851-1860,temporal
Constantine,geographic
1976-,temporal
Businesses,temporal
Facilities,temporal
Abuse of,temporal
Curriculum,temporal
Extension to the territories,temporal
Versions,temporal
La Porte,geographic
Miscellanea,temporal
Curricula,temporal
Topographic maps,genre_form
1867-1910,temporal
1831-1840,temporal
16th century,temporal
1841-1850,temporal
Bridgeport,geographic
Field work,temporal
Choral organizations,temporal
Resources,temporal
Prisoners and prisons,temporal
"Evidences, authority, etc",temporal
1877-1898,temporal
Moral and ethical aspects,temporal
Societies,temporal
1993,temporal
Oshkosh,geographic
Listing,temporal
"Insurrection, 1899-1901",temporal
1840,temporal
Food industry employees,temporal
Kenosha,geographic
Pisidia (Extinct city),geographic
Rockwood,geographic
Design and plans,temporal
"French and Indian War, 1755-1763",temporal
Museums,temporal
Karanis (Extinct city),geographic
Harper Woods,geographic
Fiction,genre_form
Physiological effects,temporal
1899-1916,temporal
ca. 1915,temporal
Dayton,geographic
Geneva,geographic
1845-1860,temporal
Toledo,geographic
Collection and presentation,temporal
"Blizzard, 1888",temporal
"Criticism, interpretation, etc",temporal
"Prisoners and prisons, Confederate",temporal
1821-1830,temporal
Services,temporal
"Prisoners and prisons, North Korea",temporal
"Legal status, laws, etc",temporal
Frontier troubles,temporal
Governor,temporal
Jordan River Watershed (Antrim County and Charlevoix County),geographic
"Handbooks, manuals, etc",genre_form
Regimental histories,genre_form
"Riot, 1943",temporal
"Riot, 1967",temporal
York,geographic
Job vacancies,temporal
Iwo Jima,geographic
2001-2010,temporal
1965,temporal
1967,temporal
Syracuse,geographic
Clio,geographic
1815-1861,temporal
1910-,temporal
Etymology,temporal
1811-1820,temporal
1940-1950,temporal
1912-1949,temporal
1815-1844,temporal
1917-1921,temporal
Aix-en-Provence,geographic
1860,temporal
Indianapolis,geographic
1866-1876,temporal
Details,temporal
1883,temporal
1871-1880,temporal
Political activities,temporal
"Elections, 1976",temporal
Michigan maps,genre_form
1990-2000,temporal
Track,topical
"Department of Biological Chemistry, 1922-1955",topical
Provost and Vice-President,topical
"Vol.8, Oakland and Livingston Counties",uniform_title
Student letters,topical
1919,temporal
Alumni,topical
Leadership experiences of elder community health nurse leaders in Michigan,uniform_title
"Map of Oakland County, Michigan",uniform_title
Freshmen,topical
My new music,uniform_title
Athletic,topical
Student life and customs,topical
Admissions,topical
"University of Michigan Learning disabilities handbook for students, faculty and administration, 1991",uniform_title
Clarence Darrow for the defense,uniform_title
Trust funds,topical
Schedule of Courses,topical
Sophomores,topical
Missouri Synod,geographic
